speed_mps,minimum_theta0_deg,maximum_theta0_deg,negative_limit_capped,positive_limit_capped,gain_inf_norm
0.1,-0.5,0.5,0,0,1659.23278405863
0.2,-0.46875,0.46875,0,0,1530.18947004206
0.3,-0.44375,0.44375,0,0,1396.61123512449
0.4,-0.43125,0.43125,0,0,1245.37599056425
0.5,-0.425,0.425,0,0,1087.89960042927
0.6,-0.425,0.425,0,0,934.707726344568
0.7,-0.4375,0.4375,0,0,792.636312351745
0.8,-0.45625,0.45625,0,0,665.107799369447
0.9,-0.4875,0.4875,0,0,553.119514748415
1,-0.54375,0.54375,0,0,456.204099106164
1.25,-0.9625,0.9625,0,0,271.182732199267
1.5,-3.03125,3.03125,0,0,149.22699529756
1.75,-3.24375,3.24375,0,0,78.1769746704251
2,-1.61875,1.61875,0,0,58.1612974684547
2.25,-1.175,1.175,0,0,34.8950719488963
2.5,-1.9375,1.9375,0,0,29.3485439452737
2.75,-1.30625,1.30625,0,0,53.3100906940291
3,-0.43125,0.43125,0,0,85.0931873608307
