theta0_deg,direct_omega_rad_s,direct_final_theta_deg,direct_final_rate_norm,direct_reached,direct_status,direct_message,stage1_omega_rad_s,stage1_final_theta_deg,stage1_reached,stage2_omega_rad_s,stage2_final_theta_deg,stage2_final_rate_norm,stage2_reached,two_stage_status,two_stage_message
0.25,0.0341232204575533,0.000544333914354649,9.48590006303789e-13,1,success,Direct upright target reached.,0.0205015741553875,0.100191101316686,1,0.0341906583185736,5.87577079680188e-05,2.02554858571086e-08,1,success,Both stages reached their target manifolds.
0.5,0.0675824471536842,0.00421609436222469,1.69267740507804e-12,0,not_converged,Simulation ended without meeting all convergence checks.,0.0542137348511722,0.102658202418887,0,NaN,NaN,NaN,0,stage1_not_converged,General-turning stage ended without meeting all convergence checks.
0.75,0.0998329786921416,0.0135255712729746,2.09744232419007e-12,0,not_converged,Simulation ended without meeting all convergence checks.,0.0868549771133156,0.110128938052439,0,NaN,NaN,NaN,0,stage1_not_converged,General-turning stage ended without meeting all convergence checks.
1,0.130515094505085,0.0300328689740995,2.15383680121872e-12,0,not_converged,Simulation ended without meeting all convergence checks.,0.118010025932256,0.124450298183893,0,NaN,NaN,NaN,0,stage1_not_converged,General-turning stage ended without meeting all convergence checks.
1.25,0.159453963168378,0.0543611431997083,1.93240362625604e-12,0,not_converged,Simulation ended without meeting all convergence checks.,0.147454227415557,0.146498724028604,0,NaN,NaN,NaN,0,stage1_not_converged,General-turning stage ended without meeting all convergence checks.
1.5,0.186618597464166,0.0864215595558279,1.5561842677911e-12,0,not_converged,Simulation ended without meeting all convergence checks.,0.175120762954862,0.176362566251583,0,NaN,NaN,NaN,0,stage1_not_converged,General-turning stage ended without meeting all convergence checks.
1.75,0.212070872870974,0.125684650362279,1.13662231348972e-12,0,not_converged,Simulation ended without meeting all convergence checks.,0.201049940670718,0.213613564323917,0,NaN,NaN,NaN,0,stage1_not_converged,General-turning stage ended without meeting all convergence checks.
2,0.235922835902036,0.171402839117,9.23316938509861e-13,0,not_converged,Simulation ended without meeting all convergence checks.,0.225343131008772,0.257548466429813,0,NaN,NaN,NaN,0,stage1_not_converged,General-turning stage ended without meeting all convergence checks.
2.25,0.258307381600103,0.2227594357242,7.48034873733822e-13,0,not_converged,Simulation ended without meeting all convergence checks.,0.248129602793093,0.307359063083346,0,NaN,NaN,NaN,0,stage1_not_converged,General-turning stage ended without meeting all convergence checks.
2.5,0.27936061134613,0.27895493003094,5.67442308815192e-13,0,not_converged,Simulation ended without meeting all convergence checks.,0.269545874810331,0.362234634495567,0,NaN,NaN,NaN,0,stage1_not_converged,General-turning stage ended without meeting all convergence checks.
2.75,0.299212376219376,0.339250259672119,3.9182338426115e-13,0,not_converged,Simulation ended without meeting all convergence checks.,0.289724269647203,0.421415705304269,0,NaN,NaN,NaN,0,stage1_not_converged,General-turning stage ended without meeting all convergence checks.
3,0.317981906835641,0.402984001905917,2.51008326073444e-13,0,not_converged,Simulation ended without meeting all convergence checks.,0.308787352632575,0.484217359921365,0,NaN,NaN,NaN,0,stage1_not_converged,General-turning stage ended without meeting all convergence checks.
3.25,0.335776350330343,0.469575184629681,1.60092460238171e-13,0,not_converged,Simulation ended without meeting all convergence checks.,0.326845809308423,0.550035317377123,0,NaN,NaN,NaN,0,stage1_not_converged,General-turning stage ended without meeting all convergence checks.
3.5,0.352690848707599,0.538518900713632,8.27917072829136e-14,0,not_converged,Simulation ended without meeting all convergence checks.,0.343998186620771,0.61834310564731,0,NaN,NaN,NaN,0,stage1_not_converged,General-turning stage ended without meeting all convergence checks.
3.75,0.368809360250084,0.609378819271114,8.59559959154953e-14,0,not_converged,Simulation ended without meeting all convergence checks.,0.360331561294788,0.688685182891166,0,NaN,NaN,NaN,0,stage1_not_converged,General-turning stage ended without meeting all convergence checks.
4,0.3842057789298,0.681778804116365,8.06203166788865e-14,0,not_converged,Simulation ended without meeting all convergence checks.,0.375922605862208,0.760668672037556,0,NaN,NaN,NaN,0,stage1_not_converged,General-turning stage ended without meeting all convergence checks.
4.25,0.398945116133542,0.75539475251739,1.56499609021888e-13,0,not_converged,Simulation ended without meeting all convergence checks.,0.390838770135816,0.833955059315834,0,NaN,NaN,NaN,0,stage1_not_converged,General-turning stage ended without meeting all convergence checks.
4.5,0.413084630135788,0.829947137512533,1.27087178752526e-13,0,not_converged,Simulation ended without meeting all convergence checks.,0.405139433494746,0.908252506561694,0,NaN,NaN,NaN,0,stage1_not_converged,General-turning stage ended without meeting all convergence checks.
4.75,0.426674851239502,0.905194438834465,1.90236289522682e-13,0,not_converged,Simulation ended without meeting all convergence checks.,0.418876963288574,0.98330901746473,0,NaN,NaN,NaN,0,stage1_not_converged,General-turning stage ended without meeting all convergence checks.
5,0.439760486148611,0.980927475827089,2.25179175543854e-13,0,not_converged,Simulation ended without meeting all convergence checks.,0.432097655109744,1.05890650762446,0,NaN,NaN,NaN,0,stage1_not_converged,General-turning stage ended without meeting all convergence checks.
