mass,damping,speed,scale,group,value,end_time,stop,theta_peak,r_peak,chi_peak,near_zero,final_theta,final_r,final_chi,force_peak,torque_peak
2.3,6.5,2.375,0.5,theta,1e-05,30,0,0.0381575195032483,0.000710712122635891,3.13677472280623,0,-0.000394387747992872,7.73047377130806e-06,3.13677472280623,0.0134454575940377,1.20579993971717e-06
2.3,6.5,2.375,0.5,theta,0.0001,30,0,0.315235946709161,0.00581859879027277,25.3667560221403,0,-0.104238715018702,0.00194543231321037,25.3667560221403,0.109570375088764,9.23391287542863e-05
2.3,6.5,2.375,0.5,theta,0.001,7.02359652689826,2,11.5051659217829,0.500000000000095,42.4685237443877,0,-11.5051659217829,0.500000000000095,-40.0470350178184,31.9324592793723,0.0283279494533151
2.3,6.5,2.375,0.5,theta,0.01,3.49624196698016,2,15.0080328049681,0.500000000000062,63.4362275011339,0,15.0080328049681,-0.500000000000062,58.8711562527736,29.3204821480702,0.0138837855390627
2.3,6.5,2.375,0.5,theta,0.1,1.81974574044654,2,42.2190209480958,0.5,45.7001784535923,0,-42.2190209480958,0.5,45.7001784535923,11.2815974902833,0.0474800717814995
2.3,6.5,2.375,0.5,theta,1,0.943076144955662,2,8.85684551482582,0.5,5.97160005332137,0,-8.85684551482582,0.5,-3.23024423491055,32.0502700843897,0.00821838934852545
2.3,6.5,2.375,0.5,theta,5,0.593335311498206,2,18.0807734289736,0.500000000000015,20.5767747771362,0,18.0807734289736,0.500000000000015,-20.5767747771362,48.5684278495381,0.11820909710711
2.3,6.5,2.375,1,theta,1e-05,30,0,0.00188366798534438,3.50799446244387e-05,0.0769980708478105,1,9.99987530235836e-06,1.49973984045634e-07,0.0769980708478105,0.00065897975339963,3.6941923435515e-09
2.3,6.5,2.375,1,theta,0.0001,30,0,0.0188360641586176,0.000350784595791513,0.769978729389276,0,9.99983962129568e-05,1.49973790792876e-06,0.769978729389276,0.00658948471543954,3.69392242528714e-07
2.3,6.5,2.375,1,theta,0.001,30,0,0.187769891621792,0.00349335199668392,7.69781752686394,0,0.000999626534401155,1.49954992018824e-05,7.69781752686394,0.0655914905942377,3.66732279363976e-05
2.3,6.5,2.375,1,theta,0.01,30,0,1.70236563515763,0.0298397312791234,72.1599558254085,0,-0.0463260217681043,0.00119465345038665,72.1599558254085,0.553139093946284,0.00258188467771658
2.3,6.5,2.375,1,theta,0.1,2.81819760114124,3,57.7045618231546,0.318000478953879,203.423218216337,0,-57.7045618231546,0.310867382656855,203.423218216337,14.156659031105,1.62562057632561
2.3,6.5,2.375,1,theta,1,1.22959599638763,2,22.134393076965,0.500000000000025,8.16856293586705,0,-22.134393076965,0.500000000000025,8.16856293586705,22.2713210894,0.00956418428405074
2.3,6.5,2.375,1,theta,5,0.778916995710818,2,13.6311817025165,0.5,25.2241457055485,0,8.98482208172281,0.5,-25.2241457055485,33.7555407832116,0.100552700638681
2.3,6.5,2.375,2,theta,1e-05,30,0,3.69606372590101e-05,2.92306343792195e-07,0.000294767919050689,1,9.99999999999869e-06,1.49971589591027e-07,-0.000250649589489756,4.71552135673511e-06,4.73894153631107e-13
2.3,6.5,2.375,2,theta,0.0001,30,0,0.000369606372641089,2.92306343852245e-06,0.00294767919127012,1,9.99999999990938e-05,1.49971589589833e-06,-0.00250649589486123,4.71552135833182e-05,4.73350782111591e-11
2.3,6.5,2.375,2,theta,0.001,30,0,0.00369606377739889,2.9230634985726e-05,0.0294767926759184,1,0.000999999999093202,1.49971589470274e-05,-0.0250649589121248,0.000471552151800351,4.73344755100062e-09
2.3,6.5,2.375,2,theta,0.01,30,0,0.0369606887620353,0.00029230695035923,0.294768689984257,0,0.00999999909319029,0.000149971577514341,-0.250649552633624,0.00471553748539592,4.73347702986041e-07
2.3,6.5,2.375,2,theta,0.1,30,0,0.369657877435333,0.0029236700344163,2.9484508859478,0,0.0999990922148549,0.0014997038045216,-2.5064590146215,0.0471713640855783,4.7367446025438e-05
2.3,6.5,2.375,2,theta,1,30,0,3.75177774349473,0.0298656192553915,30.3485558078179,0,0.998980701868515,0.0149833907106696,-25.0253254113587,0.490644235511407,0.0050895510908823
2.3,6.5,2.375,2,theta,5,1.37189917727786,2,51.9085792696285,0.500000000000022,114.953110983161,0,51.9085792696285,-0.500000000000022,-114.953110983161,14.3231112595542,0.22032424124549
2.3,6.5,2.375,4,theta,1e-05,30,0,4.42464585410959e-05,3.79479407740272e-07,0.000332631064244599,1,9.99999999999815e-06,1.49971589591024e-07,-0.000332631064244574,1.42995402821544e-05,6.29268445978061e-13
2.3,6.5,2.375,4,theta,0.0001,30,0,0.000442464585497267,3.79479407813043e-06,0.00332631064241723,1,9.99999999988787e-05,1.49971589589519e-06,-0.00332631064241047,0.000142995402821544,6.28770922676406e-11
2.3,6.5,2.375,4,theta,0.001,30,0,0.00442464594127912,3.7947941508999e-05,0.0332631064054671,1,0.000999999998884749,1.49971589439054e-05,-0.0332631063888223,0.00142995402821544,6.28786931163146e-09
2.3,6.5,2.375,4,theta,0.01,30,0,0.0442465457192098,0.000379480142784741,0.332631061212107,0,0.00999999888487373,0.000149971574390159,-0.332631028603801,0.0142995402821544,6.28792807561526e-07
2.3,6.5,2.375,4,theta,0.1,30,0,0.442551760344223,0.00379552912123194,3.32632145897188,0,0.0999988822716762,0.00149970065592821,-3.32627491499129,0.142995402821544,6.29374529391176e-05
2.3,6.5,2.375,4,theta,1,30,0,4.52126032866408,0.0387232893678605,33.3044858977286,0,0.998580071305898,0.0149773805339794,-33.2173208586463,1.42995402821544,0.00692297685829123
2.3,6.5,2.375,4,theta,5,1.28706589325862,2,66.8825973665845,0.500000000000014,168.251398964052,0,66.8825973665845,-0.500000000000014,-168.251398964052,7.14977014107722,1.28417009349
2.3,6.5,2.375,0.5,r,0.001,5.38147782234411,2,11.2544786329261,0.500000000000133,46.1414072086501,0,-11.2544786329261,0.500000000000133,-43.8455004065811,32.1273778529603,0.0295055680179465
2.3,6.5,2.375,0.5,r,0.005,2.62977576463075,2,20.0861632055288,0.5,51.8951844421794,0,20.0861632055288,-0.5,42.7058607985708,25.670282366455,0.00341023673004682
2.3,6.5,2.375,0.5,r,0.01,2.07847039580991,2,16.9219267191572,0.500000000000045,91.4642794812684,0,2.77294727613579,-0.500000000000045,91.3873772610765,39.034830924253,0.10802839163669
2.3,6.5,2.375,0.5,chi,1,30,0,0.0121677109602401,0.000226562461580957,1.0000053784928,1,6.38747045288907e-05,-1.19954034445566e-06,0.00149420685370562,0.00428630065266945,1.21915090819546e-07
2.3,6.5,2.375,0.5,chi,5,30,0,0.0601524351227463,0.00111956813931272,5.00002689246401,0,0.00110209684956861,-2.06445731417109e-05,0.0321551118279881,0.0211750538083458,3.01328243255334e-06
2.3,6.5,2.375,0.5,chi,10,30,0,0.116845988194926,0.00217226489587153,10.000053784928,0,0.00518146199130473,-9.70054518231518e-05,0.174051106114779,0.0410557584331518,1.16695131062045e-05
2.3,6.5,2.375,1,r,0.001,30,0,0.512056731612524,0.00904159000291687,8.25484480758914,1,-6.32994102672775e-06,-1.1371969796109e-07,-0.0529643177138132,0.164712666839086,0.000241394432073204
2.3,6.5,2.375,1,r,0.005,4.86420335473008,2,27.9398800272512,0.500000000000103,37.5822028175512,0,-27.9398800272512,0.500000000000103,-20.9424481988121,20.3436016316705,0.00617978385265695
2.3,6.5,2.375,1,r,0.01,2.80507683169557,2,34.1920949633206,0.5,58.446644936264,0,34.1920949633206,-0.5,29.9508119060898,17.5861721937404,0.0107152074041945
2.3,6.5,2.375,1,chi,1,30,0,0.024459594311429,0.00045120365487265,1.00011098581366,1,2.29436986193172e-09,-2.52506483113546e-11,4.27684200838797e-06,0.00846237444279911,6.14362618105779e-07
2.3,6.5,2.375,1,chi,5,30,0,0.122139326591674,0.00225215101689245,5.00055492906772,1,1.03349855001874e-07,3.74331716053142e-10,0.000531618611252557,0.0422312284722276,1.53135989511864e-05
2.3,6.5,2.375,1,chi,10,30,0,0.243334562780948,0.00448122028539477,10.0011098581317,1,7.84076559533402e-07,3.70904697784052e-09,0.00422754178764753,0.0839808237598109,6.07023770416101e-05
2.3,6.5,2.375,2,r,0.001,30,0,0.150949569024172,0.00230995518457475,1.24389577071555,1,4.93571226705273e-08,7.40216614425774e-10,-1.23713425355184e-06,0.0490529476168052,1.23165773366535e-05
2.3,6.5,2.375,2,r,0.005,30,0,0.757972430433284,0.0115804768239305,6.25993921612541,1,6.43417042710047e-06,9.64942766411632e-08,-0.000161272217601205,0.245345916491375,0.000310682106370928
2.3,6.5,2.375,2,r,0.01,30,0,1.53667146041428,0.0233613929292692,12.7838394601423,1,5.86615001789196e-05,8.79755842040868e-07,-0.00147034809291307,0.491247360732416,0.00127905009804528
2.3,6.5,2.375,2,chi,1,30,0,0.049840845676655,0.000885721133048454,1.00167031981866,1,5.07337942599032e-09,7.60862777063488e-11,-1.27164047040833e-07,0.016052004185966,2.37716571154964e-06
2.3,6.5,2.375,2,chi,5,30,0,0.249499313981338,0.00443179822521187,5.00835159710261,1,6.35528455218719e-07,9.53112126550255e-09,-1.5929494640513e-05,0.0803141552803511,5.95304744174e-05
2.3,6.5,2.375,2,chi,10,30,0,0.500875897029233,0.0088836756921469,10.0167031817636,1,5.11841453594504e-06,7.6761676400819e-08,-0.000128292850213581,0.160971116917371,0.000239408057213097
2.3,6.5,2.375,4,r,0.001,30,0,0.0655808383246742,0.001,0.247864061028454,1,2.3926550523507e-08,3.5883028154417e-10,-7.95871396433804e-07,0.114693166192606,1.10341757835849e-06
2.3,6.5,2.375,4,r,0.005,30,0,0.327966215184779,0.005,1.23969861371157,1,2.99154121681697e-06,4.48646191614008e-08,-9.95079538682452e-05,0.573465830963029,2.75965264437691e-05
2.3,6.5,2.375,4,r,0.01,30,0,0.656319791422452,0.01,2.48176213981408,1,2.3950429012851e-05,3.59188391047266e-07,-0.000796665669169209,1.14693166192606,0.000110524682468433
2.3,6.5,2.375,4,chi,1,30,0,0.107293518996009,0.00164566053351633,1.01658160775962,1,2.37560954153399e-08,3.56273939191643e-10,-7.90201530030298e-07,0.106539186900783,7.19178665851501e-06
2.3,6.5,2.375,4,chi,5,30,0,0.537343806575554,0.00823579619438406,5.08290633865575,1,2.95047337223834e-06,4.42487181684269e-08,-9.81419097837253e-05,0.532695934503913,0.00018036191513446
2.3,6.5,2.375,4,chi,10,30,0,1.08031380341033,0.0165184693415919,10.1658020511697,1,2.310570232848e-05,3.46519890693634e-07,-0.000768567435577615,1.06539186900783,0.000728730229660963
2.3,6.5,1,0.5,theta,1e-05,30,0,0.0160803159820195,0.000145459974734842,0.558033938153409,0,7.65992677487193e-05,7.49178468785317e-07,-0.558033938153409,0.00419645435959419,7.61066872891636e-08
2.3,6.5,1,0.5,theta,0.0001,30,0,0.161715631261476,0.00146277508617817,5.6139178829189,0,-0.000866772620719109,-7.24263527048791e-06,-5.60343495564761,0.0422043334963291,7.55602299603613e-06
2.3,6.5,1,0.5,theta,0.001,10.5949048175767,2,57.6106057608464,0.50000000000012,111.232678280843,0,57.6106057608464,0.50000000000012,-111.232678280843,21.9276273941864,0.28227259533244
2.3,6.5,1,0.5,theta,0.01,4.59300323554226,2,57.6059191504697,0.500000000000056,85.8902767676045,0,57.6059191504697,0.500000000000056,-85.8902767676045,21.9231114912775,0.283585731606128
2.3,6.5,1,0.5,theta,0.1,2.39825316431877,2,57.6591044518314,0.50000000000003,66.953372643773,0,57.6591044518314,0.50000000000003,-66.953372643773,22.0292332929748,0.287674246615849
2.3,6.5,1,0.5,theta,1,1.19954911278008,2,56.8452780879948,0.500000000000014,44.7244427663724,0,56.8452780879948,0.500000000000014,-44.7244427663724,21.5765955607618,0.275065594997008
2.3,6.5,1,0.5,theta,5,0.65089903574637,2,58.4202880977814,0.5,28.765588981797,0,58.4202880977814,0.5,-28.765588981797,23.4796028181099,0.250352146811844
2.3,6.5,1,1,theta,1e-05,30,0,0.00137201326073408,1.25278578126083e-05,0.0234797186785858,1,1.00000600739674e-05,1.49972122431211e-07,-0.0234797186785858,0.000357817319996785,9.10555531343097e-10
2.3,6.5,1,1,theta,0.0001,30,0,0.0137202031277482,0.000125279209763514,0.234797176101461,0,0.000100000585897608,1.49972106427169e-06,-0.234797176101461,0.00357819220400512,9.10567240405376e-08
2.3,6.5,1,1,theta,0.001,30,0,0.13727257307987,0.00125342391384515,2.34796127608673,0,0.000999991151939881,1.49970518411393e-05,-2.34796108920271,0.0358009320899871,9.11591430170714e-06
2.3,6.5,1,1,theta,0.01,30,0,1.46093189944153,0.0133243366955314,24.7273938024267,0,0.0100061703639716,0.000150004049802863,-23.4709880597253,0.381689387818352,0.00103942343725348
2.3,6.5,1,1,theta,0.1,2.9346364268348,2,55.7567534445337,0.500000000000027,75.9663617055226,0,55.7567534445337,0.500000000000027,-75.9663617055226,20.4527469088112,0.261200983474077
2.3,6.5,1,1,theta,1,1.27051275221406,2,55.5330790791638,0.500000000000012,45.8629312540383,0,55.5330790791638,0.500000000000012,-45.8629312540383,20.5768266468414,0.259578540055979
2.3,6.5,1,1,theta,5,0.647167877166609,2,55.2838602403681,0.5,25.6744221341488,0,55.2838602403681,0.5,-25.6744221341488,19.7560411865163,0.218617438735169
2.3,6.5,1,2,theta,1e-05,30,0,0.000193620716369586,1.85951722465049e-06,0.00146304809287926,1,9.99999999995587e-06,1.49971589590421e-07,-0.00146304809287914,5.01328510928879e-05,1.74787003993526e-11
2.3,6.5,1,2,theta,0.0001,30,0,0.00193620720073787,1.85951725731391e-05,0.0146304809236114,1,9.99999999638846e-05,1.49971589537062e-06,-0.0146304809236022,0.000501328523126979,1.74793402351291e-09
2.3,6.5,1,2,theta,0.001,30,0,0.0193621090493916,0.000185952052365535,0.146304804319112,0,0.000999999963934656,1.4997158419772e-05,-0.146304804045137,0.00501329742937146,1.74794829027834e-07
2.3,6.5,1,2,theta,0.01,30,0,0.193658134710267,0.00185984717141411,1.46304579044405,0,0.00999996388660281,0.000149971049539053,-1.46304284256021,0.0501451731675429,1.74936764480948e-05
2.3,6.5,1,2,theta,0.1,30,0,1.976749559662,0.0189555214866927,14.6392676340593,0,0.0999584464813536,0.00149909424966127,-14.6244344973132,0.514692895719891,0.00190221213573478
2.3,6.5,1,2,theta,1,1.50259845581689,2,51.775076706608,0.500000000000012,50.2082365735619,0,51.775076706608,0.500000000000012,-50.2082365735619,19.3664431809933,0.223618346629487
2.3,6.5,1,2,theta,5,0.666415045403835,2,51.1876925597685,0.500000000000007,23.3479825780391,0,51.1876925597685,0.500000000000007,-23.3479825780391,19.2178435800106,0.187720206693464
2.3,6.5,1,4,theta,1e-05,30,0,5.43899266936676e-05,6.18237382236094e-07,0.000125452613775627,1,9.99999999999907e-06,1.49971589591026e-07,-0.000125171671954071,7.52892359593819e-05,1.0709577584389e-12
2.3,6.5,1,4,theta,0.0001,30,0,0.000543899267073272,6.18237382354238e-06,0.00125452613819959,1,9.99999999992815e-05,1.4997158959012e-06,-0.00125171671953603,0.000752892359593819,1.07080473390315e-10
2.3,6.5,1,4,theta,0.001,30,0,0.00543899280733071,6.18237394168738e-05,0.0125452618253247,1,0.000999999999303131,1.49971589501763e-05,-0.0125171671907422,0.00752892359593819,1.07080386575614e-08
2.3,6.5,1,4,theta,0.01,30,0,0.0543900646700699,0.000618238575607311,0.125453061596138,0,0.0099999993032316,0.000149971580664297,-0.125171667287766,0.0752892359593819,1.07081301707248e-06
2.3,6.5,1,4,theta,0.1,30,0,0.544037121348438,0.00618356604458323,1.25498760021218,0,0.0999993017927041,0.00149970694755767,-1.25171203513141,0.752892359593819,0.000107172769863905
2.3,6.5,1,4,theta,1,30,0,5.61682914182491,0.0633675831773711,13.8198321597487,0,0.999089960800787,0.0149850297775876,-12.5098207384398,7.52892359593819,0.0118316958537751
2.3,6.5,1,4,theta,5,0.733068241251301,2,44.1880294138618,0.5,22.0258656844969,0,44.1880294138618,0.5,-22.0258656844969,37.6446179796909,0.152542948638083
2.3,6.5,1,8,theta,1e-05,30,0,4.15968699986587e-05,5.79453213509586e-07,2.30244923163261e-05,1,9.99999999999795e-06,1.49971589591012e-07,-7.98707191120533e-06,0.000527094198991323,3.00207101640716e-13
2.3,6.5,1,8,theta,0.0001,30,0,0.000415968698063111,5.79453209973445e-06,0.000230244923163202,1,9.99999999992651e-05,1.49971589590091e-06,-7.98707191122098e-05,0.00527094198991322,3.00218122615263e-11
2.3,6.5,1,8,theta,0.001,30,0,0.00415968683911843,5.79453183838081e-05,0.00230244926305799,1,0.000999999999274672,1.49971589497491e-05,-0.000798707191276024,0.0527094198991323,3.00218073081181e-09
2.3,6.5,1,8,theta,0.01,30,0,0.041596815598615,0.000579452300972124,0.0230245247858759,1,0.00999999927475865,0.00014997158023728,-0.00798707206663924,0.527094198991323,3.00217742919e-07
2.3,6.5,1,8,theta,0.1,30,0,0.415915292759642,0.00579363912228101,0.230277375802423,0,0.0999992749432084,0.00149970654488583,-0.0798708746772546,5.27094198991323,3.00188262241201e-05
2.3,6.5,1,8,theta,1,30,0,4.10892721109175,0.05709855979179,2.33711043788669,0,0.999290617276378,0.0149880399787305,-0.798873817511508,52.7094198991323,0.00297708871566475
2.3,6.5,1,8,theta,5,30,0,19.591686438207,0.275437240749567,17.9897813290258,0,4.90856485500415,0.0737951545119907,-4.00765225071399,263.547099495661,0.0752725968753908
2.3,6.5,1,16,theta,1e-05,30,0,7.60961554831776e-05,1.25963636925729e-06,1.89607374236849e-05,1,9.99999999999415e-06,1.49971589590955e-07,2.16895696683792e-06,0.0060101465323105,6.41431644965299e-13
2.3,6.5,1,16,theta,0.0001,30,0,0.000760961578427842,1.25963641125284e-05,0.000189607379997994,1,9.99999999957079e-05,1.49971589584757e-06,2.16895696672498e-05,0.060101465323105,6.41440318474965e-11
2.3,6.5,1,16,theta,0.001,30,0,0.00760961251946818,0.000125963581132025,0.00189607383827335,1,0.000999999995721328,1.4997158896459e-05,0.000216895695542638,0.60101465323105,6.41439513258135e-09
2.3,6.5,1,16,theta,0.01,30,0,0.0760929754873257,0.00125957801474794,0.0189607638709322,1,0.00999999572141926,0.000149971526947283,0.00216895582555915,6.0101465323105,6.41431834999755e-07
2.3,6.5,1,16,theta,0.1,30,0,0.757828702132328,0.0125388755333245,0.18962962409749,0,0.0999957255914715,0.00149965331453146,0.0216884293199015,60.101465323105,6.40688287161553e-05
2.3,6.5,1,16,theta,1,30,0,6.20396794730024,0.100713667723121,1.90348297392578,0,0.995819894472368,0.0149359732157228,0.215778412926338,601.01465323105,0.00623984001228942
2.3,6.5,1,16,theta,5,1.37323659115079,2,31.4100421500124,0.5,10.1525174707111,0,31.4100421500124,0.5,2.22565750300891,3005.07326615525,0.0946496592162695
2.3,6.5,1,0.5,r,0.001,3.64533387850091,2,57.5931978375855,0.500000000000029,85.6930016165145,0,-57.5931978375855,-0.500000000000029,85.6930016165145,21.9058027109162,0.283048541496502
2.3,6.5,1,0.5,r,0.005,2.00574472285634,2,57.7641567168964,0.50000000000003,67.1241218623067,0,-57.7641567168964,-0.50000000000003,67.1241218623067,22.0939993731228,0.289336812514902
2.3,6.5,1,0.5,r,0.01,1.56996278323402,2,57.6148769770496,0.500000000000007,58.7732925413269,0,-57.6148769770496,-0.500000000000007,58.7732925413269,22.0248722746974,0.289507228852497
2.3,6.5,1,0.5,chi,1,30,0,0.0289179609152677,0.000261483767750626,1.0000053784928,1,0.000124329205358696,1.11845938183134e-06,0.00112298865775696,0.00754419688559472,2.47648946612986e-07
2.3,6.5,1,0.5,chi,5,30,0,0.145220382356539,0.00131306582581378,5.00002689246401,1,-0.000564848506265733,-5.11569607914542e-06,-0.0114263639756877,0.0378867203420287,6.15663412995391e-06
2.3,6.5,1,0.5,chi,10,30,0,0.29469279048097,0.00266422889020974,10.000053784928,0,-0.0103473604274013,-9.34296167395184e-05,-0.15484486646802,0.0768910115178742,2.41175007378163e-05
2.3,6.5,1,1,r,0.001,30,0,2.00404067866731,0.0185143078160383,16.2022231961515,0,0.00018249166786357,1.92044588794665e-06,-0.111594935308909,0.513193455294739,0.00223408796345456
2.3,6.5,1,1,r,0.005,2.4251044930961,2,55.7557667762909,0.500000000000028,75.680978937693,0,-55.7557667762909,-0.500000000000028,75.680978937693,20.4206103454263,0.261246063080559
2.3,6.5,1,1,r,0.01,1.75064143029392,2,55.8296049350348,0.500000000000012,62.8412001788033,0,-55.8296049350348,-0.500000000000012,62.8412001788033,20.5556719590695,0.266995981742834
2.3,6.5,1,1,chi,1,30,0,0.0580999638145043,0.000528028688613564,1.00011098581366,1,2.45745164747312e-09,1.95939868265971e-11,8.48801843863943e-07,0.0150950444801566,1.64646823609838e-06
2.3,6.5,1,1,chi,5,30,0,0.291137374692724,0.00264582962313753,5.00055492906695,1,-1.21443867190251e-07,-1.35118900878381e-09,0.000103758897491934,0.0756469818892424,4.13603484521758e-05
2.3,6.5,1,1,chi,10,30,0,0.58639713325224,0.00532841506956818,10.0011098581255,1,-8.90996608674673e-07,-1.00488110699583e-08,0.000816229720703423,0.152404118369959,0.000168017055772602
2.3,6.5,1,2,r,0.001,30,0,0.574822554191335,0.00571006462311702,1.99803535646837,1,2.31896171082102e-06,3.47778374355256e-08,-0.000339275251787351,0.182724694758423,0.000155014932800403
2.3,6.5,1,2,r,0.005,30,0,2.90919014036338,0.0288226897423501,10.6151310489493,1,0.000291072653568524,4.36526300124888e-06,-0.0425853326757831,0.913623473792117,0.00397889296022902
2.3,6.5,1,2,r,0.01,30,0,6.11988193035139,0.0599118918827375,27.6663635762524,0,0.00257973692666419,3.86887421236683e-05,-0.377428345182822,1.82724694758423,0.0177262456367085
2.3,6.5,1,2,chi,1,30,0,0.118374887625644,0.00109780147289904,1.00167031979392,1,-8.83735949033051e-09,-1.32535285068773e-10,1.29294819517518e-06,0.0300132826660257,7.04219254334288e-06
2.3,6.5,1,2,chi,5,30,0,0.592935594962138,0.00549859210784344,5.00835159401996,1,-1.11796164725479e-06,-1.6766248572525e-08,0.000163563166536816,0.150396965045258,0.000177266891074839
2.3,6.5,1,2,chi,10,30,0,1.19268164915899,0.0110590208599994,10.0167031571049,1,-9.29056098093948e-06,-1.39332021140854e-07,0.00135925378414619,0.302922737699943,0.000724603974946463
2.3,6.5,1,4,r,0.001,30,0,0.249661561413292,0.00289039897712905,0.397346192222637,1,2.32485647172122e-07,3.48662420635296e-09,-2.91006171619235e-06,0.686953503743059,2.26137064410023e-05
2.3,6.5,1,4,r,0.005,30,0,1.24862459421266,0.0144545329075624,1.99233543196993,1,2.90092514431329e-05,4.35056355184968e-07,-0.000363113650546493,3.43476751871529,0.000565796879553824
2.3,6.5,1,4,r,0.01,30,0,2.49915892628696,0.0289242051310019,4.0210012244359,1,0.000230894545966306,3.46276220891375e-06,-0.00289014563703632,6.86953503743059,0.00227015715937449
2.3,6.5,1,4,chi,1,30,0,0.254830833660801,0.00254995797104384,1.01658157050851,1,-9.14326535948959e-09,-1.37123004001744e-10,1.14447781217239e-07,0.253030568889359,3.00233332059706e-05
2.3,6.5,1,4,chi,5,30,0,1.27727796375256,0.0127795127553699,5.08290168238612,1,-1.32875167930822e-06,-1.99275001525235e-08,1.66322069329783e-05,1.26515284444679,0.000754730057388393
2.3,6.5,1,4,chi,10,30,0,2.57541066725623,0.0257579120392158,10.1657648127412,1,-1.56313985584135e-05,-2.34426568970265e-07,0.000195660829344982,2.53030568889359,0.00307192258270276
2.3,6.5,1,8,r,0.001,30,0,0.221132245140514,0.00308554798067591,0.149123477941772,1,2.29412289498064e-07,3.44053257277451e-09,-1.83233245353564e-07,3.91959144652322,1.05829563860268e-05
2.3,6.5,1,8,r,0.005,30,0,1.10453312555591,0.0154090565713172,0.745965471372229,1,2.86209986143793e-05,4.29233665788249e-07,-2.2859797410407e-05,19.5979572326161,0.000264286501472574
2.3,6.5,1,8,r,0.01,30,0,2.2021281828869,0.0307032255148331,1.49399803312339,1,0.00022763997209562,3.41395284698415e-06,-0.000181817682708929,39.1959144652322,0.00105368336027105
2.3,6.5,1,8,chi,1,30,0,0.665150719974805,0.00814450033135892,1.10814169304674,1,4.4775296873673e-06,6.71502244655633e-08,-3.57623515976009e-06,8.09697820445948,0.000155064950334868
2.3,6.5,1,8,chi,5,30,0,3.34354168275132,0.0408012861561265,5.53747351402445,1,0.00054906298468,8.23438486008271e-06,-0.00043854055437497,40.4848910222974,0.00396306499548566
2.3,6.5,1,8,chi,10,30,0,6.84817720674897,0.0828287249377509,11.0560763590758,1,0.00406554066310621,6.09715596824254e-05,-0.00324717661314954,80.9697820445948,0.0170191396591539
2.3,6.5,1,16,r,0.001,30,0,0.409175168904437,0.00678916824033797,0.120002039153283,1,9.14128490039502e-07,1.37093302741682e-08,1.98270535705754e-07,36.3017065271098,2.28125140263742e-05
2.3,6.5,1,16,r,0.005,30,0,1.99048185808574,0.0329296808568016,0.601097953731823,1,0.000113734778449767,1.70569855159181e-06,2.46685840087374e-05,181.508532635549,0.000566887522991437
2.3,6.5,1,16,r,0.01,30,0,3.73292999342989,0.0613085646645299,1.20653124133033,1,0.000903875883743405,1.35555703089229e-05,0.000196046789362705,363.017065271098,0.0022482145946434
2.3,6.5,1,16,chi,1,30,0,2.61338613270155,0.041712305005618,1.51805108950881,1,0.000351609304567126,5.27314063215875e-06,7.62625450653285e-05,259.103302542703,0.00173853679963242
2.3,6.5,1,16,chi,5,30,0,13.2896402578146,0.202130158707524,7.15778867591251,1,0.00510500376529306,7.65605531572383e-05,0.00110725331985573,1295.51651271352,0.0470180306372057
2.3,6.5,1,16,chi,10,0.794617130833666,2,30.191829128349,0.5,13.3684261835638,0,30.1238594516503,0.5,-3.85297357086448,2591.03302542703,0.126610756976328
