0.272,1.725,0.0184283417574686,0.471325660978124,0.710245997264408
0.272,1.75,0.0668772600450906,0.494397505882173,0.638725234072737
0.272,1.775,0.0890996171466689,0.51745217795534,0.593448204897991
0.272,1.8,0.104236899715176,0.540374185867935,0.55538891441689
0.272,1.825,0.115563629864597,0.563088616907623,0.52134775322778
0.272,1.85,0.124456055991065,0.585549862475287,0.489994081533648
0.272,1.875,0.131655351565562,0.607732741636143,0.460611906798295
0.272,1.9,0.137614327862596,0.629625949599933,0.432759722537471
0.272,1.925,0.142631673699105,0.651227399105904,0.406140927194991
0.272,1.95,0.146914892117439,0.672540981252315,0.380544126630245
0.272,1.975,0.150613676072042,0.693574345060808,0.35581197886715
0.272,2,0.153839188053089,0.71433739057807,0.331823421368841
0.272,2.025,0.156675915099075,0.734841255002973,0.308482829897952
0.272,2.05,0.159189313183902,0.755097636943576,0.285713049872522
0.272,2.075,0.161430924233283,0.775118351627466,0.263450724139251
0.272,2.1,0.163441906600806,0.79491504346656,0.241643049932634
0.272,2.125,0.165255532844009,0.814499005596048,0.220245461559943
0.272,2.15,0.166898994858798,0.833881071923861,0.19921993321734
0.272,2.175,0.168394732575889,0.853071558100034,0.178533709324077
0.272,2.2,0.169761427770245,0.872080235239963,0.158158336989792
0.272,2.225,0.171014758010528,0.890916325312956,0.138068916676517
0.272,2.25,0.172167975942664,0.909588510587949,0.118243513469387
0.272,2.275,0.173232359493889,0.928104951921244,0.0986626885848677
0.272,2.3,0.174217565415255,0.946473312320847,0.0793091222638981
0.272,2.325,0.175131909566652,0.964700783362443,0.0601673070709052
0.272,2.35,0.175982591072294,0.982794112821863,0.0412232961058424
0.272,2.375,0.176775873037567,1.00075963243648,0.0239837593989113
0.272,2.4,0.17751722933735,1.01860328508759,0.0410860557502453
0.272,2.425,0.178211464676833,1.03633065095863,0.0581191862818004
0.272,2.45,0.17886281342999,1.05394697240505,0.0750841589750618
0.272,2.475,0.179475021501987,1.07145717739604,0.091982155894051
0.272,2.5,0.180051414518086,1.08886590147222,0.108814486954139
0.272,2.525,0.180594954927563,1.1061775082198,0.125582553292232
0.272,2.55,0.181108290066258,1.12339610829804,0.142287818231782
0.272,2.575,0.181593792802211,1.14052557708031,0.158931784278097
0.272,2.6,0.182053596063965,1.15756957098185,0.175515974917883
0.272,2.625,0.182489622297498,1.1745315425549,0.192041920257404
0.272,2.65,0.18290360869848,1.19141475443399,0.208511145735513
0.272,2.675,0.183297128908959,1.20822229221383,0.224925163304867
0.272,2.7,0.183671611742201,1.22495707633981,0.241285464597612
0.272,2.725,0.184028357399128,1.24162187308766,0.257593515688528
0.272,2.75,0.18436855155909,1.25821930470407,0.273850753144976
0.272,2.775,0.184693277662513,1.27475185877606,0.290058581113546
0.272,2.8,0.185003527649933,1.2912218968915,0.306218369241566
0.272,2.825,0.185300211378686,1.30763166264884,0.322331451270155
0.272,2.85,0.18558416490306,1.32398328906949,0.338399124166426
0.272,2.875,0.185856157774483,1.34027880546179,0.354422647687309
0.272,2.9,0.186116899494207,1.35652014378177,0.37040324428756
0.272,2.925,0.186367045230887,1.37270914453161,0.386342099300726
0.272,2.95,0.186607200898762,1.38884756223381,0.402240361335047
0.272,2.975,0.186837927678185,1.40493707051517,0.418099142836984
0.272,3,0.187059746048537,1.42097926683233,0.433919520783792
0.272,3.025,0.187273139393696,1.43697567686738,0.449702537473687
0.272,3.05,0.187478557231907,1.45292775861994,0.465449201388029
0.272,3.075,0.187676418114841,1.46883690621949,0.481160488104652
0.272,3.1,0.187867112234654,1.48470445348013,0.496837341245479
0.272,3.125,0.188051003772706,1.50053167721743,0.512480673444728
0.272,3.15,0.188228433019303,1.51631980034597,0.52809136732667
0.272,3.175,0.188399718290014,1.53206999477412,0.543670276484102
0.272,3.2,0.188565157660964,1.54778338411144,0.559218226450479
0.272,3.225,0.1887250305427,1.56346104620281,0.574736015660113
0.272,3.25,0.188879599109843,1.57910401550192,0.590224416392082
0.272,3.275,0.189029109601709,1.59471328529618,0.605684175694474
0.272,3.3,0.189173793507239,1.61028980979366,0.621116016286422
0.272,3.325,0.18931386864605,1.62583450608211,0.636520637436058
0.272,3.35,0.189449540156077,1.64134825596913,0.651898715813051
0.272,3.375,0.189581001397053,1.65683190771191,0.667250906314861
0.272,3.4,0.189708434778071,1.67228627764427,0.682577842866198
0.272,3.425,0.189832012516556,1.68771215170803,0.697880139191474
0.272,3.45,0.189951897335173,1.70311028689544,0.713158389560266
0.272,3.475,0.190068243102506,1.71848141260852,0.728413169506018
0.272,3.5,0.190181195422719,1.73382623194105,0.743645036518332
0.272,3.525,0.190290892178869,1.74914542288823,0.758854530709364
0.272,3.55,0.190397464034055,1.76443963948891,0.774042175454853
0.272,3.575,0.190501034894173,1.77970951290466,0.789208478010491
0.272,3.6,0.190601722335651,1.79495565243993,0.80435393010428
0.272,3.625,0.190699638001213,1.81017864650684,0.819479008505629
0.272,3.65,0.190794887966426,1.82537906353839,0.834584175571961
0.272,3.675,0.190887573079506,1.84055745285307,0.849669879773564
0.272,3.7,0.190977789276624,1.85571434547412,0.864736556197496
0.272,3.725,0.191065627874754,1.87085025490605,0.879784627031292
0.272,3.75,0.1911511758439,1.88596567787114,0.894814502027239
0.272,3.775,0.191234516060361,1.90106109500836,0.909826578947997
0.272,3.8,0.191315727542575,1.91613697153683,0.924821243994255
0.272,3.825,0.191394885670908,1.93119375788611,0.9397988722152
0.272,3.85,0.191472062392645,1.94623189029509,0.95475982790245
0.272,3.875,0.191547326413338,1.96125179138151,0.96970446496817
0.272,3.9,0.191620743375551,1.97625387068356,0.984633127308006
0.272,3.925,0.19169237602596,1.99123852517543,0.999546149149471
0.272,3.95,0.191762284371677,2.00620613975811,1.01444385538643
0.272,3.975,0.19183052582661,2.02115708772683,1.02932656190022
0.272,4,0.191897155348572,2.03609173121663,1.04419457586805
0.272,4.025,0.191962225567833,2.05101042162696,1.05904819605913
0.272,4.05,0.19202578690771,2.06591350002683,1.07388771311912
0.272,4.075,0.192087887697789,2.08080129754121,1.08871340984342
0.272,4.1,0.19214857428026,2.09567413571999,1.10352556143973
0.272,4.125,0.192207891109891,2.11053232689019,1.1183244357803
0.272,4.15,0.192265880848044,2.12537617449251,1.13311029364446
0.272,4.175,0.192322584451161,2.1402059734029,1.14788338895174
0.272,4.2,0.192378041254091,2.15502201024002,1.16264396898593
0.272,4.225,0.192432289048598,2.16982456365924,1.17739227461064
0.272,4.25,0.192485364157388,2.18461390463394,1.19212854047655
0.272,4.275,0.192537301503924,2.19939029672478,1.20685299522085
0.272,4.3,0.192588134678329,2.2141539963374,1.22156586165907
0.272,4.325,0.192637895999621,2.22890525296935,1.23626735696973
0.272,4.35,0.192686616574508,2.24364430944655,1.25095769287204
0.272,4.375,0.192734326352975,2.25837140214997,1.265637075797
0.272,4.4,0.192781054180855,2.27308676123301,1.28030570705215
0.272,4.425,0.192826827849576,2.28779061082982,1.29496378298024
0.272,4.45,0.192871674143263,2.30248316925532,1.30961149511206
0.272,4.475,0.192915618883349,2.31716464919705,1.3242490303137
0.272,4.5,0.192958686970854,2.33183525789932,1.33887657092847
0.272,4.525,0.193000902426464,2.34649519734012,1.35349429491365
0.272,4.55,0.193042288428559,2.36114466440098,1.36810237597242
0.272,4.575,0.193082867349285,2.3757838510302,1.38270098368091
0.272,4.6,0.193122660788811,2.39041294439974,1.39729028361092
0.272,4.625,0.193161689607864,2.40503212705601,1.41187043744815
0.272,4.65,0.193199973958641,2.41964157706496,1.42644160310631
0.272,4.675,0.193237533314194,2.43424146815151,1.44100393483732
0.272,4.7,0.193274386496379,2.44883196983388,1.4555575833375
0.272,4.725,0.193310551702442,2.46341324755273,1.47010269585029
0.272,4.75,0.193346046530324,2.47798546279557,1.48463941626524
0.272,4.775,0.193380888002752,2.49254877321651,1.49916788521375
0.272,4.8,0.193415092590195,2.50710333275165,1.51368824016146
0.272,4.825,0.193448676232723,2.52164929173025,1.52820061549753
0.272,4.85,0.193481654360856,2.53618679698183,1.54270514262097
0.272,4.875,0.193514041915441,2.55071599193941,1.55720195002397
0.272,4.9,0.19354585336661,2.56523701673915,1.57169116337254
0.272,4.925,0.193577102731876,2.57975000831628,1.58617290558441
0.272,4.95,0.193607803593404,2.59425510049782,1.60064729690442
0.272,4.975,0.193637969114503,2.60875242409187,1.61511445497737
0.272,5,0.193667612055383,2.62324210697393,1.62957449491854
1,1.725,0.0296075688195644,0.562496913226524,0.607895517953912
1,1.75,0.110098544897987,0.575822607396909,0.514078847705104
1,1.775,0.149848167944901,0.5899431564603,0.460208675594799
1,1.8,0.178577461771198,0.604790530023742,0.416632008205061
1,1.825,0.201150869179716,0.620285397144769,0.380865472034947
1,1.85,0.219585915457027,0.636342580765231,0.383243334691796
1,1.875,0.234982709170085,0.652876133954902,0.382106575215183
1,1.9,0.248035839745319,0.669803452431311,0.378232387314008
1,1.925,0.259225072863358,0.687048167402994,0.372176905460365
1,1.95,0.268901565623656,0.704541842646149,0.364359722977508
1,1.975,0.277332429478837,0.72222467290325,0.355107756575587
1,2,0.284726256648456,0.740045448049007,0.34468080859945
1,2.025,0.291248994710243,0.75796104025941,0.333287954450832
1,2.05,0.297034487154752,0.775935625702819,0.321098861451933
1,2.075,0.302191837535294,0.793939795387479,0.308252042147814
1,2.1,0.306810756019977,0.811949657428081,0.294861098591896
1,2.125,0.310965553330675,0.829945991579351,0.281019561751324
1,2.15,0.314718187725565,0.847913487306859,0.266804700418706
1,2.175,0.318120626399181,0.865840077209582,0.252280549189599
1,2.2,0.321216697760839,0.883716365797749,0.23750033196309
1,2.225,0.324043558342266,0.901535147128385,0.22250841121388
1,2.25,0.326632863746563,0.919291001750204,0.20734186199636
1,2.275,0.329011709733513,0.936979962464067,0.192031747269446
1,2.3,0.331203393157165,0.954599238654825,0.176604154502341
1,2.325,0.333228030654486,0.972146989811255,0.161081040843231
1,2.35,0.335103064279901,0.98962213996678,0.14548092431312
1,2.375,0.336843676767234,1.00702422595929,0.143867902726519
1,2.4,0.338463134165927,1.02435327351349,0.162816407679417
1,2.425,0.339973069823363,1.0416096961424,0.181582765965763
1,2.45,0.341383720773935,1.05879421272728,0.200177933501218
1,2.475,0.342704125335506,1.07590778036922,0.218611905704729
1,2.5,0.343942288948985,1.09295153971976,0.236893828668745
1,2.525,0.345105323911312,1.10992677050745,0.255032094418759
1,2.55,0.346199567559211,1.12683485539634,0.273034422955554
1,2.575,0.347230682594989,1.14367725065582,0.290907933250811
1,2.6,0.348203742556364,1.16045546240131,0.308659204957675
1,2.625,0.349123304881374,1.17717102739397,0.32629433227534
1,2.65,0.349993473577348,1.19382549757307,0.343818971150415
1,2.675,0.350817953146757,1.21042042764611,0.36123838079287
1,2.7,0.351600095134742,1.22695736518454,0.378557460319278
1,2.725,0.352342938429284,1.24343784277306,0.395780781202341
1,2.75,0.35304924425453,1.25986337184223,0.412912616096756
1,2.775,0.353721526642013,1.27623543788016,0.429956964522172
1,2.8,0.354362079036706,1.2925554967738,0.446917575810504
1,2.825,0.354972997589658,1.30882497207432,0.46379796966398
1,2.85,0.355556201602033,1.3250452530177,0.48060145461973
1,2.875,0.356113451513354,1.34121769316111,0.497331144674462
1,2.9,0.356646364766854,1.35734360952045,0.513989974287306
1,2.925,0.357156429834935,1.37342428211414,0.530580711949076
1,2.95,0.357645018645914,1.38946095383505,0.547105972480963
1,2.975,0.358113397618223,1.405454830586,0.563568228204228
1,3,0.358562737478744,1.42140708162553,0.579969819104275
1,3.025,0.358994122017037,1.43731884007983,0.596312962096871
1,3.05,0.359408555906256,1.45319120358467,0.612599759490927
1,3.075,0.35980697170358,1.46902523502721,0.628832206730788
1,3.1,0.360190236127917,1.48482196336316,0.645012199491075
1,3.125,0.3605591556996,1.50058238448892,0.661141540188521
1,3.15,0.36091448181577,1.51630746215211,0.677221943967885
1,3.175,0.361256915325673,1.53199812888681,0.693255044212478
1,3.2,0.361587110661892,1.54765528696242,0.709242397624313
1,3.225,0.361905679576611,1.56327980933725,0.72518548891386
1,3.25,0.362213194525889,1.57887254060926,0.741085735135146
1,3.275,0.362510191739732,1.59443429795842,0.756944489698153
1,3.3,0.362797174011214,1.60996587207589,0.772763046087102
1,3.325,0.363074613233963,1.62546802807633,0.788542641310297
1,3.35,0.363342952713914,1.64094150639069,0.804284459104608
1,3.375,0.36360260927824,1.65638702363712,0.819989632915362
1,3.4,0.363853975201787,1.67180527346863,0.835659248670413
1,3.425,0.364097419969036,1.68719692739624,0.851294347365273
1,3.45,0.364333291887642,1.70256263558701,0.866895927474652
1,3.475,0.364561919567842,1.71790302763644,0.882464947204282
1,3.5,0.364783613280475,1.73321871331513,0.898002326595601
1,3.525,0.364998666204996,1.74851028328976,0.913508949494756
1,3.55,0.365207355577702,1.76377830981863,0.928985665396334
1,3.575,0.36540994374927,1.77902334742202,0.944433291171289
1,3.6,0.365606679159825,1.79424593352792,0.959852612687745
1,3.625,0.365797797238899,1.80944658909366,0.975244386332559
1,3.65,0.365983521236895,1.82462581920399,0.990609340440882
1,3.675,0.366164062994046,1.83978411364628,1.00594817664033
1,3.7,0.366339623652235,1.8549219474636,1.02126157111583
1,3.725,0.366510394314548,1.8700397814862,1.03655017580075
1,3.75,0.366676556656972,1.88513806284235,1.05181461949932
1,3.775,0.36683828349619,1.90021722544902,1.06705550894521
1,3.8,0.366995739317126,1.91527769048327,1.0822734298004
1,3.825,0.367149080763465,1.93031986683507,1.09746894759854
1,3.85,0.367298457094182,1.94534415154212,1.1126426086363
1,3.875,0.367444010608732,1.9603509302075,1.12779494081624
1,3.9,0.367585877043411,1.9753405774008,1.14292645444421
1,3.925,0.367724185941104,1.99031345704329,1.1580376429844
1,3.95,0.367859060996488,2.00526992277791,1.1731289837744
1,3.975,0.36799062037855,2.02021031832458,1.18820093870313
1,4,0.36811897703214,2.03513497782156,1.2032539548537
1,4.025,0.368244238960121,2.05004422615329,1.21828846511341
1,4.05,0.368366509487546,2.06493837926534,1.23330488875288
1,4.075,0.368485887509191,2.07981774446713,1.24830363197632
1,4.1,0.368602467721626,2.09468262072266,1.26328508844429
1,4.125,0.368716340840963,2.10953329893004,1.278249639771
1,4.15,0.368827593807268,2.12437006219006,1.29319765599733
1,4.175,0.368936309976599,2.13919318606447,1.30812949604107
1,4.2,0.369042569301517,2.15400293882423,1.32304550812575
1,4.225,0.36914644850087,2.16879958168823,1.3379460301891
1,4.25,0.369248021219589,2.18358336905293,1.35283139027252
1,4.275,0.369347358179155,2.19835454871319,1.36770190689234
1,4.3,0.36944452731939,2.21311336207477,1.38255788939416
1,4.325,0.369539593932113,2.2278600443588,1.39739963829092
1,4.35,0.369632620787237,2.24259482479853,1.41222744558577
1,4.375,0.36972366825176,2.25731792682874,1.4270415950805
1,4.4,0.369812794402143,2.27202956826814,1.44184236267028
1,4.425,0.369900055130477,2.2867299614949,1.45663001662537
1,4.45,0.369985504244845,2.30141931361583,1.47140481786067
1,4.475,0.370069193564236,2.31609782662925,1.48616702019349
1,4.5,0.370151173008363,2.33076569758198,1.50091687059034
1,4.525,0.370231490682687,2.34542311872057,1.51565460940326
1,4.55,0.370310192958948,2.36007027763709,1.53038047059604
1,4.575,0.370387324551481,2.37470735740968,1.54509468196116
1,4.6,0.370462928589559,2.38933453673804,1.5597974653276
1,4.625,0.370537046686011,2.40395199007412,1.57448903676013
1,4.65,0.370609719002333,2.41855988774816,1.58916960675049
1,4.675,0.370680984310502,2.4331583960903,1.60383938040081
1,4.7,0.370750880051669,2.44774767754794,1.61849855759961
1,4.725,0.370819442391941,2.46232789079893,1.63314733319087
1,4.75,0.370886706275391,2.47689919086095,1.64778589713634
1,4.775,0.370952705474468,2.49146172919702,1.66241443467148
1,4.8,0.371017472637954,2.5060156538174,1.67703312645535
1,4.825,0.371081039336604,2.52056110937805,1.69164214871466
1,4.85,0.371143436106591,2.53509823727573,1.70624167338232
1,4.875,0.37120469249089,2.54962717573982,1.72083186823071
1,4.9,0.371264837078706,2.56414805992116,1.73541289699987
1,4.925,0.37132389754305,2.57866102197783,1.74998491952088
1,4.95,0.371381900676572,2.59316619115811,1.76454809183468
1,4.975,0.371438872425738,2.60766369388068,1.77910256630642
1,5,0.371494837923436,2.62215365381224,1.79364849173567
2.3,1.725,0.0362585406337697,0.696588802083604,0.467152657282626
2.3,1.75,0.136758953781512,0.703037416340699,0.36020362987779
2.3,1.775,0.188827832772078,0.710001905840946,0.301170261386976
2.3,1.8,0.228279741837987,0.717510355299359,0.310769386538628
2.3,1.825,0.260788193805346,0.725586948263909,0.335201245541436
2.3,1.85,0.28861245297175,0.734250612385222,0.354361840586528
2.3,1.875,0.312925969826222,0.743513760963117,0.369412208863104
2.3,1.9,0.33443438036278,0.753381273562611,0.381053106800169
2.3,1.925,0.353606394577777,0.763849851661255,0.389756542916522
2.3,1.95,0.370778018459652,0.77490785032648,0.395870168133173
2.3,1.975,0.386205536551148,0.786535627651074,0.399669908900074
2.3,2,0.400094584754778,0.798706382276608,0.40138820247817
2.3,2.025,0.412616875516049,0.811387382787419,0.40122949272863
2.3,2.05,0.423920086550536,0.824541446774804,0.399378639775732
2.3,2.075,0.434133804470426,0.838128510805648,0.396005293664777
2.3,2.1,0.443373155573025,0.852107145000401,0.391266010572624
2.3,2.125,0.451741089472424,0.866435899426808,0.385305190045616
2.3,2.15,0.459329897345997,0.881074412568341,0.378255484777656
2.3,2.175,0.466222311898184,0.895984254084636,0.370238057813548
2.3,2.2,0.472492388824459,0.911129507829981,0.361362880994478
2.3,2.225,0.478206277608201,0.926477123680565,0.351729153927636
2.3,2.25,0.483422934004629,0.941997078494895,0.341425855509734
2.3,2.275,0.488194795064739,0.957662389732947,0.330532405331792
2.3,2.3,0.492568421315251,0.973449022722085,0.319119398593166
2.3,2.325,0.496585103671128,0.989335726869941,0.307249376801187
2.3,2.35,0.500281430738179,1.00530382924624,0.305585259984421
2.3,2.375,0.503689812770523,1.02133700716,0.325026819930526
2.3,2.4,0.506838960141303,1.0374210553418,0.344260015483105
2.3,2.425,0.509754315930027,1.05354365838824,0.36329797431827
2.3,2.45,0.51245844373199,1.06969417526619,0.382152618998182
2.3,2.475,0.514971372915427,1.08586343980032,0.40083481271575
2.3,2.5,0.517310904285391,1.1020435790145,0.419354483299888
2.3,2.525,0.519492879515589,1.11822784979181,0.437720729307398
2.3,2.55,0.52153141785516,1.13441049340204,0.455941911257198
2.3,2.575,0.523439123579689,1.15058660688605,0.47402573046574
2.3,2.6,0.525227267496344,1.16675202997981,0.491979297476156
2.3,2.625,0.526905945580516,1.18290324612597,0.509809191706482
2.3,2.65,0.528484217551361,1.1990372960996,0.527521513650958
2.3,2.675,0.529970227911226,1.21515170282446,0.545121930735688
2.3,2.7,0.531371311695599,1.23124440604724,0.562615717742841
2.3,2.725,0.532694086916303,1.24731370564982,0.580007792566126
2.3,2.75,0.533944535436815,1.26335821250028,0.597302747937098
2.3,2.775,0.535128073797669,1.27937680586335,0.614504879661018
2.3,2.8,0.536249615312373,1.29536859650568,0.631618211818054
2.3,2.825,0.53731362457954,1.31133289473754,0.648646519317076
2.3,2.85,0.538324165403611,1.32726918272869,0.665593348132304
2.3,2.875,0.539284942982711,1.34317709052294,0.682462033505655
2.3,2.9,0.540199341105955,1.35905637525178,0.699255716357732
2.3,2.925,0.541070455001873,1.37490690311513,0.715977358117003
2.3,2.95,0.541901120392687,1.39072863375569,0.732629754148381
2.3,2.975,0.542693939234201,1.4065216067043,0.749215545938505
2.3,3,0.5434513025565,1.42228592961805,0.765737232174555
2.3,3.025,0.544175410765042,1.43802176807109,0.782197178836133
2.3,3.05,0.544868291713859,1.45372933669088,0.798597628404734
2.3,3.075,0.54553181682145,1.46940889146116,0.814940708282612
2.3,3.1,0.54616771546438,1.48506072303738,0.831228438501763
2.3,3.125,0.546777587853134,1.50068515094112,0.847462738794252
2.3,3.15,0.547362916568348,1.51628251851847,0.863645435086817
2.3,3.175,0.547925076912838,1.53185318856271,0.879778265475549
2.3,3.2,0.548465346215167,1.54739753951498,0.895862885730149
2.3,3.225,0.548984912203526,1.56291596216834,0.911900874371867
2.3,3.25,0.549484880553968,1.57840885681041,0.927893737364382
2.3,3.275,0.549966281704282,1.59387663074847,0.943842912452752
2.3,3.3,0.550430077013727,1.60931969616812,0.959749773181848
2.3,3.325,0.550877164339205,1.62473846828323,0.975615632622438
2.3,3.35,0.551308383090093,1.64013336374016,0.991441746830249
2.3,3.375,0.55172451881662,1.65550479924413,1.00722931806075
2.3,3.4,0.552126307380328,1.67085319037987,1.0229794977602
2.3,3.425,0.552514438749572,1.68617895060194,1.03869338935151
2.3,3.45,0.552889560458127,1.70148249037346,1.05437205083159
2.3,3.475,0.553252280760707,1.71676421643477,1.07001649719548
2.3,3.5,0.553603171515441,1.73202453118544,1.08562770270088
2.3,3.525,0.553942770820047,1.74726383216561,1.10120660298566
2.3,3.55,0.554271585425555,1.76248251162414,1.1167540970497
2.3,3.575,0.554590092948845,1.77768095616251,1.13227104911136
2.3,3.6,0.554898743903036,1.792859546445,1.14775829034804
2.3,3.625,0.555197963562725,1.80801865696671,1.16321662052943
2.3,3.65,0.555488153679357,1.82315865587202,1.17864680955138
2.3,3.675,0.555769694060385,1.83827990481699,1.19404959887737
2.3,3.7,0.556042944024534,1.85338275887004,1.20942570289458
2.3,3.725,0.556308243744212,1.86846756644588,1.22477581019009
2.3,3.75,0.556565915485035,1.88353466926827,1.2401005847533
2.3,3.775,0.556816264751447,1.89858440235777,1.25540066710922
2.3,3.8,0.557059581346526,1.91361709404109,1.27067667538762
2.3,3.825,0.557296140353316,1.92863306597893,1.28592920633225
2.3,3.85,0.557526203044295,1.94363263320986,1.30115883625415
2.3,3.875,0.557750017724993,1.95861610420771,1.31636612193271
2.3,3.9,0.557967820517191,1.97358378095069,1.33155160146788
2.3,3.925,0.558179836086647,1.98853595900008,1.34671579508672
2.3,3.95,0.558386278319824,2.00347292758736,1.36185920590719
2.3,3.975,0.558587350953714,2.01839496970801,1.37698232066173
2.3,4,0.558783248162469,2.03330236222097,1.39208561038344
2.3,4.025,0.558974155104215,2.04819537595261,1.40716953105683
2.3,4.05,0.559160248431149,2.06307427580439,1.42223452423554
2.3,4.075,0.559341696765738,2.07793932086319,1.43728101762893
2.3,4.1,0.559518661145588,2.0927907645138,1.45230942565939
2.3,4.125,0.559691295439351,2.10762885455281,1.46732014999216
2.3,4.15,0.559859746735823,2.12245383330341,1.48231358003924
2.3,4.175,0.56002415570821,2.13726593773061,1.49729009343882
2.3,4.2,0.560184656955383,2.1520653995565,1.51225005651188
2.3,4.225,0.560341379321778,2.16685244537509,1.52719382469687
2.3,4.25,0.560494446197483,2.18162729676663,1.54212174296411
2.3,4.275,0.560643975799899,2.19639017041089,1.55703414621078
2.3,4.3,0.560790081438304,2.21114127819933,1.57193135963763
2.3,4.325,0.560932871762469,2.22588082734602,1.58681369910849
2.3,4.35,0.561072450996464,2.24060902049697,1.60168147149344
2.3,4.375,0.561208919158643,2.25532605583785,1.6165349749965
2.3,4.4,0.561342372268758,2.27003212720003,1.63137449946879
2.3,4.425,0.561472902543056,2.2847274241647,1.64620032670775
2.3,4.45,0.561600598578168,2.29941213216515,1.66101273074332
2.3,4.475,0.561725545524521,2.31408643258708,1.6758119781116
2.3,4.5,0.561847825249966,2.32875050286684,1.6905983281168
2.3,4.525,0.561967516494248,2.34340451658772,1.70537203308197
2.3,4.55,0.56208469501491,2.35804864357411,1.72013333858902
2.3,4.575,0.562199433725184,2.37268304998361,1.7348824837088
2.3,4.6,0.562311802824351,2.3873078983971,1.74961970122145
2.3,4.625,0.562421869921076,2.40192334790663,1.7643452178277
2.3,4.65,0.562529700150126,2.41652955420139,1.77905925435152
2.3,4.675,0.562635356282885,2.43112666965153,1.79376202593442
2.3,4.7,0.562738898832058,2.44571484338998,1.80845374222204
2.3,4.725,0.562840386150896,2.46029422139225,1.82313460754314
2.3,4.75,0.562939874527284,2.47486494655427,1.83780482108155
2.3,4.775,0.563037418272995,2.48942715876827,1.85246457704127
2.3,4.8,0.563133069808394,2.50398099499678,1.86711406480517
2.3,4.825,0.563226879742858,2.5185265893446,1.88175346908746
2.3,4.85,0.563318896951165,2.53306407312915,1.89638297008031
2.3,4.875,0.563409168646079,2.54759357494876,1.91100274359484
2.3,4.9,0.563497740447358,2.56211522074938,1.92561296119674
2.3,4.925,0.563584656447369,2.57662913388943,1.9402137903368
2.3,4.95,0.56366995927353,2.59113543520298,1.95480539447651
2.3,4.975,0.563753690147729,2.60563424306129,1.96938793320902
2.3,5,0.563835888942901,2.62012567343267,1.98396156237557
