Timestamp,Theta_rad,Gamma_rad,Phi_rad,Dgamma_radps,Dphi_radps,Gamma_deg,Phi_deg
9.205001831054688,0.33073896169662476,3.094372034072876,3.094372034072876,0.0029967897571623325,0.0029967897571623325
9.244956016540527,0.33073896169662476,3.094372034072876,3.094372034072876,-0.0021778324153274298,-0.0021778324153274298
9.28488826751709,0.33073896169662476,3.094372034072876,3.094372034072876,-0.0022308703046292067,-0.0022308703046292067
9.324892044067383,0.33073896169662476,3.094372034072876,3.094372034072876,-0.002167811617255211,-0.002167811617255211
9.364731788635254,0.33073896169662476,3.094372034072876,3.094372034072876,-0.0006990313995629549,-0.0006990313995629549
9.40470027923584,0.33073896169662476,3.094372034072876,3.094372034072876,-0.002912222407758236,-0.002912222407758236
9.444604873657227,0.33073896169662476,3.094372034072876,3.094372034072876,0.0014472715556621552,0.0014472715556621552
9.484609603881836,0.33073896169662476,3.094372034072876,3.094372034072876,-0.002947581000626087,-0.002947581000626087
9.524620056152344,0.33073896169662476,3.094372034072876,3.094372034072876,-0.00030723208328709006,-0.00030723208328709006
9.564623832702637,0.33073896169662476,3.094372034072876,3.094372034072876,-0.0022170201409608126,-0.0022170201409608126
9.604829788208008,0.33073896169662476,3.094372034072876,3.094372034072876,-0.002583481837064028,-0.002583481837064028
9.645017623901367,0.33073896169662476,3.094372034072876,3.094372034072876,0.001037792768329382,0.001037792768329382
9.68519401550293,0.33073896169662476,3.094372034072876,3.094372034072876,0.002538102213293314,0.002538102213293314
9.725460052490234,0.33073896169662476,3.094372034072876,3.094372034072876,0.00039179937448352575,0.00039179937448352575
9.765644073486328,0.33073896169662476,3.094372034072876,3.094372034072876,-0.0007520692888647318,-0.0007520692888647318
9.805822372436523,0.33073896169662476,3.094372034072876,3.094372034072876,0.0018213915172964334,0.0018213915172964334
9.846019744873047,0.33073896169662476,3.094372034072876,3.094372034072876,-0.000765919394325465,-0.000765919394325465
9.886170387268066,0.33073896169662476,3.094372034072876,3.094372034072876,0.0003387613978702575,0.0003387613978702575
9.926377296447754,0.33073896169662476,3.094372034072876,3.094372034072876,-0.001126189366914332,-0.001126189366914332
9.966399192810059,0.33073896169662476,3.094372034072876,3.094372034072876,0.0018252207664772868,0.0018252207664772868
10.006434440612793,0.33073896169662476,3.094372034072876,3.094372034072876,0.0007167106959968805,0.0007167106959968805
10.046361923217773,0.33073896169662476,3.094372034072876,3.094372034072876,0.00036026997258886695,0.00036026997258886695
10.086331367492676,0.33073896169662476,3.094372034072876,3.094372034072876,0.0026226695626974106,0.0026226695626974106
10.126235961914062,0.33073896169662476,3.094372034072876,3.094372034072876,0.0025557815097272396,0.0025557815097272396
10.166160583496094,0.33073896169662476,3.094372034072876,3.094372034072876,0.0014472715556621552,0.0014472715556621552
10.206114768981934,0.33073896169662476,3.094372034072876,3.094372034072876,0.0014472715556621552,0.0014472715556621552
10.24606990814209,0.33073896169662476,3.094372034072876,3.094372034072876,0.0,0.0
10.285945892333984,0.33073896169662476,3.094372034072876,3.094372034072876,0.002947581000626087,0.002947581000626087
10.325907707214355,0.33073896169662476,3.094372034072876,3.094372034072876,-0.00039179937448352575,-0.00039179937448352575
10.365832328796387,0.33073896169662476,3.094372034072876,3.094372034072876,-0.001839070813730359,-0.001839070813730359
10.405732154846191,0.33073896169662476,3.094372034072876,3.094372034072876,0.0018882795702666044,0.0018882795702666044
10.445682525634766,0.33073896169662476,3.094372034072876,3.094372034072876,-0.000765919394325465,-0.000765919394325465
10.485611915588379,0.33073896169662476,3.094372034072876,3.094372034072876,0.0003425906761549413,0.0003425906761549413
10.525562286376953,0.33073896169662476,3.094372034072876,3.094372034072876,2.1508545614778996e-05,2.1508545614778996e-05
10.565462112426758,0.33073896169662476,3.094372034072876,3.094372034072876,-0.003254813142120838,-0.003254813142120838
10.605403900146484,0.33073896169662476,3.094372034072876,3.094372034072876,-0.00047636672388762236,-0.00047636672388762236
10.645346641540527,0.33073896169662476,3.094372034072876,3.094372034072876,4.9208756536245346e-05,4.9208756536245346e-05
10.685296058654785,0.33073896169662476,3.094372034072876,3.094372034072876,-0.0025734608061611652,-0.0025734608061611652
10.725241661071777,0.33073896169662476,3.094372034072876,3.094372034072876,0.00039179937448352575,0.00039179937448352575
10.765131950378418,0.33073896169662476,3.094372034072876,3.094372034072876,-5.303796933731064e-05,-5.303796933731064e-05
10.8051176071167,0.33073896169662476,3.094372034072876,3.094372034072876,0.0010554721811786294,0.0010554721811786294
10.84502124786377,0.33073896169662476,3.094372034072876,3.094372034072876,0.0022308703046292067,0.0022308703046292067
10.884963035583496,0.33073896169662476,3.094372034072876,3.094372034072876,-0.002912222407758236,-0.002912222407758236
10.924904823303223,0.33073896169662476,3.094372034072876,3.094372034072876,-0.00037412004894576967,-0.00037412004894576967
10.96484661102295,0.33073896169662476,3.094372034072876,3.094372034072876,0.002626498695462942,0.002626498695462942
11.004855155944824,0.33073896169662476,3.094372034072876,3.094372034072876,-0.00040947870002128184,-0.00040947870002128184
11.044882774353027,0.32884126901626587,3.094292163848877,3.094292163848877,-0.02411019057035446,-0.02411019057035446
11.084994316101074,0.3363008499145508,3.093444347381592,3.093444347381592,-0.018729165196418762,-0.018729165196418762
11.125195503234863,0.32493239641189575,3.0922560691833496,3.0922560691833496,-0.05266009271144867,-0.05266009271144867
11.165376663208008,0.28870609402656555,3.087754726409912,3.087754726409912,-0.19708949327468872,-0.19708949327468872
11.205556869506836,0.26304343342781067,3.0686233043670654,3.0686233043670654,-0.7303103804588318,-0.7303103804588318
11.245318412780762,0.23193274438381195,3.0305051803588867,3.0305051803588867,-1.0454621315002441,-1.0454621315002441
11.285919189453125,0.20187677443027496,2.9924063682556152,2.9924063682556152,-0.9480933547019958,-0.9480933547019958
11.32611083984375,0.15969619154930115,2.9591174125671387,2.9591174125671387,-0.8136933445930481,-0.8136933445930481
11.366284370422363,0.12441370636224747,2.927496910095215,2.927496910095215,-0.8292973041534424,-0.8292973041534424
11.406474113464355,0.09937361627817154,2.899280309677124,2.899280309677124,-0.6358172297477722,-0.6358172297477722
11.446249961853027,0.07811619341373444,2.8893747329711914,2.8893747329711914,-0.008963830769062042,-0.008963830769062042
11.486649513244629,0.06757824122905731,2.9061524868011475,2.9061524868011475,0.7165250778198242,0.7165250778198242
11.5266752243042,0.05808612331748009,2.948150634765625,2.948150634765625,1.2653499841690063,1.2653499841690063
11.566568374633789,0.0477127805352211,3.003787040710449,3.003787040710449,1.5166908502578735,1.5166908502578735
11.606527328491211,0.044058408588171005,3.065049886703491,3.065049886703491,1.6278754472732544,1.6278754472732544
11.64645767211914,0.024981306865811348,3.1326045989990234,3.1326045989990234,1.7941186428070068,1.7941186428070068
11.686416625976562,0.00044701623846776783,3.2035410404205322,3.2035410404205322,1.7986500263214111,1.7986500263214111
11.726356506347656,-0.02886810712516308,3.2728140354156494,3.2728140354156494,1.7544538974761963,1.7544538974761963
11.76624584197998,-0.05782001465559006,3.333940029144287,3.333940029144287,1.4726386070251465,1.4726386070251465
11.806195259094238,-0.08144982904195786,3.3838393688201904,3.3838393688201904,1.2182285785675049,1.2182285785675049
11.846145629882812,-0.10615333169698715,3.423870801925659,3.423870801925659,0.9175962209701538,0.9175962209701538
11.886079788208008,-0.12555113434791565,3.4554836750030518,3.4554836750030518,0.7566724419593811,0.7566724419593811
11.925978660583496,-0.1418907791376114,3.4816017150878906,3.4816017150878906,0.6330705285072327,0.6330705285072327
11.965922355651855,-0.15650609135627747,3.494152069091797,3.494152069091797,0.30787456035614014,0.30787456035614014
12.00586986541748,-0.1719115525484085,3.4923667907714844,3.4923667907714844,-0.16589461266994476,-0.16589461266994476
12.045820236206055,-0.1685536652803421,3.4730887413024902,3.4730887413024902,-0.5459606647491455,-0.5459606647491455
12.085713386535645,-0.18039017915725708,3.4414596557617188,3.4414596557617188,-0.8515279293060303,-0.8515279293060303
12.125699043273926,-0.18440712988376617,3.3916428089141846,3.3916428089141846,-1.3629652261734009,-1.3629652261734009
12.165656089782715,-0.17248670756816864,3.3257389068603516,3.3257389068603516,-1.747507929801941,-1.747507929801941
12.205540657043457,-0.14940553903579712,3.2667582035064697,3.2667582035064697,-1.473313331604004,-1.473313331604004
12.24548625946045,-0.11766013503074646,3.2422568798065186,3.2422568798065186,-0.5006661415100098,-0.5006661415100098
12.285435676574707,-0.07950226217508316,3.259458541870117,3.259458541870117,0.602148711681366,0.602148711681366
12.32542610168457,-0.0661129578948021,3.31002140045166,3.31002140045166,1.4009612798690796,1.4009612798690796
12.365300178527832,-0.09390580654144287,3.3779892921447754,3.3779892921447754,1.799543857574463,1.799543857574463
12.405278205871582,-0.12445563822984695,3.441478729248047,3.441478729248047,1.4546904563903809,1.4546904563903809
12.445164680480957,-0.14396986365318298,3.4780020713806152,3.4780020713806152,0.6040929555892944,0.6040929555892944
12.4851655960083,-0.1563626080751419,3.478705644607544,3.478705644607544,-0.3321126699447632,-0.3321126699447632
12.525192260742188,-0.1567867249250412,3.4442298412323,3.4442298412323,-1.2180434465408325,-1.2180434465408325
12.565264701843262,-0.15565933287143707,3.376725673675537,3.376725673675537,-2.0537643432617188,-2.0537643432617188
12.605459213256836,-0.1593168079853058,3.2838494777679443,3.2838494777679443,-2.4954769611358643,-2.4954769611358643
12.64554214477539,-0.16276997327804565,3.1920149326324463,3.1920149326324463,-2.299001932144165,-2.299001932144165
12.68581485748291,-0.16544638574123383,3.1067521572113037,3.1067521572113037,-2.1445939540863037,-2.1445939540863037
12.725998878479004,-0.15277934074401855,3.0266549587249756,3.0266549587249756,-2.0530543327331543,-2.0530543327331543
12.766173362731934,-0.13226866722106934,2.9460763931274414,2.9460763931274414,-2.104250907897949,-2.104250907897949
12.806337356567383,-0.11615674942731857,2.8667855262756348,2.8667855262756348,-1.997123122215271,-1.997123122215271
12.846535682678223,-0.09870792180299759,2.7973642349243164,2.7973642349243164,-1.6587878465652466,-1.6587878465652466
12.886799812316895,-0.07380972057580948,2.7497007846832275,2.7497007846832275,-0.9358377456665039,-0.9358377456665039
12.926901817321777,-0.04413437098264694,2.741619110107422,2.741619110107422,0.2833841145038605,0.2833841145038605
12.966938972473145,-0.027245447039604187,2.778799533843994,2.778799533843994,1.3039648532867432,1.3039648532867432
13.006937980651855,-0.010585755109786987,2.8395142555236816,2.8395142555236816,1.6741257905960083,1.6741257905960083
13.046919822692871,0.02150963619351387,2.904609203338623,2.904609203338623,1.6690430641174316,1.6690430641174316
13.086875915527344,0.04928436130285263,2.9714043140411377,2.9714043140411377,1.8699744939804077,1.8699744939804077
13.126806259155273,0.045901767909526825,3.0541982650756836,3.0541982650756836,2.2499396800994873,2.2499396800994873
13.166757583618164,0.02503172494471073,3.1411497592926025,3.1411497592926025,2.162041425704956,2.162041425704956
13.20665454864502,-0.01163020171225071,3.2114434242248535,3.2114434242248535,1.581705927848816,1.581705927848816
13.246607780456543,-0.09294266998767853,3.25643253326416,3.25643253326416,0.8722472190856934,0.8722472190856934
13.286540985107422,-0.13758261501789093,3.2691309452056885,3.2691309452056885,-0.03091982752084732,-0.03091982752084732
13.326437950134277,-0.1728294938802719,3.244530439376831,3.244530439376831,-0.9947856664657593,-0.9947856664657593
13.366376876831055,-0.19139473140239716,3.1854586601257324,3.1854586601257324,-1.7900769710540771,-1.7900769710540771
13.406329154968262,-0.20383316278457642,3.1089744567871094,3.1089744567871094,-2.0203535556793213,-2.0203535556793213
13.446261405944824,-0.20393629372119904,3.0321576595306396,3.0321576595306396,-1.9166641235351562,-1.9166641235351562
13.486211776733398,-0.18101729452610016,2.9675869941711426,2.9675869941711426,-1.4773839712142944,-1.4773839712142944
13.52609634399414,-0.09419655799865723,2.9252119064331055,2.9252119064331055,-0.6998949646949768,-0.6998949646949768
13.566061973571777,-0.035577431321144104,2.9690511226654053,2.9690511226654053,1.5012773275375366,1.5012773275375366
13.605999946594238,-0.004671292379498482,3.0633153915405273,3.0633153915405273,2.3688228130340576,2.3688228130340576
13.645944595336914,0.10714869201183319,3.211940288543701,3.211940288543701,4.401663303375244,4.401663303375244
13.685836791992188,0.034374985843896866,3.2538063526153564,3.2538063526153564,1.1393890380859375,1.1393890380859375
13.725787162780762,-0.0354778990149498,3.2389400005340576,3.2389400005340576,-0.88905930519104,-0.88905930519104
13.765740394592285,-0.02786947600543499,3.244016170501709,3.244016170501709,0.15732723474502563,0.15732723474502563
13.805648803710938,-0.01685827411711216,3.247359037399292,3.247359037399292,0.09224087744951248,0.09224087744951248
13.845575332641602,-0.034532565623521805,3.251844882965088,3.251844882965088,0.11417463421821594,0.11417463421821594
13.885528564453125,-0.043029483407735825,3.2555627822875977,3.2555627822875977,-0.009480515494942665,-0.009480515494942665
13.925477981567383,-0.05034101754426956,3.2428536415100098,3.2428536415100098,-0.4551004469394684,-0.4551004469394684
13.965404510498047,-0.06035592406988144,3.2560932636260986,3.2560932636260986,0.8045933246612549,0.8045933246612549
14.005412101745605,-0.07602463662624359,3.2893805503845215,3.2893805503845215,0.9130972623825073,0.9130972623825073
14.045419692993164,-0.09230542182922363,3.322493076324463,3.322493076324463,0.6985719203948975,0.6985719203948975
14.085577964782715,-0.1050667092204094,3.3279433250427246,3.3279433250427246,-0.17197087407112122,-0.17197087407112122
14.125456809997559,-0.12741553783416748,3.3066704273223877,3.3066704273223877,-0.815472424030304,-0.815472424030304
14.165933609008789,-0.1444167047739029,3.237199306488037,3.237199306488037,-2.4956772327423096,-2.4956772327423096
14.206108093261719,-0.14047323167324066,3.1422715187072754,3.1422715187072754,-2.0288915634155273,-2.0288915634155273
14.246292114257812,-0.1531028300523758,3.0648884773254395,3.0648884773254395,-2.208343267440796,-2.208343267440796
14.286474227905273,-0.13124676048755646,2.9976916313171387,2.9976916313171387,-1.6235662698745728,-1.6235662698745728
14.326255798339844,-0.11290399730205536,2.9340975284576416,2.9340975284576416,-1.6904489994049072,-1.6904489994049072
14.366842269897461,-0.09995286911725998,2.866107702255249,2.866107702255249,-1.769339680671692,-1.769339680671692
14.407121658325195,-0.09244152158498764,2.7994110584259033,2.7994110584259033,-1.6795350313186646,-1.6795350313186646
14.447197914123535,-0.10151048749685287,2.7458152770996094,2.7458152770996094,-1.2486728429794312,-1.2486728429794312
14.4872407913208,-0.10978533327579498,2.70143461227417,2.70143461227417,-1.0800724029541016,-1.0800724029541016
14.527286529541016,-0.1168682873249054,2.6660215854644775,2.6660215854644775,-0.7771983742713928,-0.7771983742713928
14.567179679870605,-0.11415994167327881,2.6516799926757812,2.6516799926757812,-0.06621679663658142,-0.06621679663658142
14.607132911682129,-0.10978996753692627,2.671419858932495,2.671419858932495,0.8462303280830383,0.8462303280830383
14.647034645080566,-0.11143503338098526,2.722715377807617,2.722715377807617,1.5986669063568115,1.5986669063568115
14.686972618103027,-0.10067467391490936,2.7987890243530273,2.7987890243530273,2.1233103275299072,2.1233103275299072
14.726927757263184,-0.08786790072917938,2.8862717151641846,2.8862717151641846,2.3154380321502686,2.3154380321502686
14.766876220703125,-0.0774894580245018,2.9709970951080322,2.9709970951080322,2.070971965789795,2.070971965789795
14.80674934387207,-0.08089744299650192,3.0353002548217773,3.0353002548217773,1.355139136314392,1.355139136314392
14.846699714660645,-0.06464255601167679,3.066345453262329,3.066345453262329,0.47072556614875793,0.47072556614875793
14.88664436340332,-0.0457632914185524,3.0662646293640137,3.0662646293640137,-0.2608520984649658,-0.2608520984649658
14.926589965820312,-0.021833186969161034,3.039702892303467,3.039702892303467,-0.9581557512283325,-0.9581557512283325
14.966475486755371,-0.002805963158607483,2.983269214630127,2.983269214630127,-1.6775527000427246,-1.6775527000427246
15.006425857543945,-0.01288586761802435,2.8937017917633057,2.8937017917633057,-1.9063324928283691,-1.9063324928283691
15.046369552612305,-0.02549133449792862,2.818753480911255,2.818753480911255,-1.9354677200317383,-1.9354677200317383
15.086332321166992,-0.04872693866491318,2.753373622894287,2.753373622894287,-1.5184468030929565,-1.5184468030929565
15.126214027404785,-0.07130356878042221,2.698456287384033,2.698456287384033,-1.4064733982086182,-1.4064733982086182
15.166160583496094,-0.09431026875972748,2.652703046798706,2.652703046798706,-1.1462342739105225,-1.1462342739105225
15.2061128616333,-0.10145404934883118,2.636416435241699,2.636416435241699,-0.6497897505760193,-0.6497897505760193
15.246060371398926,-0.09858857840299606,2.6361026763916016,2.6361026763916016,0.09134682267904282,0.09134682267904282
15.285950660705566,-0.09936729818582535,2.6648354530334473,2.6648354530334473,0.8400149345397949,0.8400149345397949
15.32595443725586,-0.09351789206266403,2.714852809906006,2.714852809906006,1.3397777080535889,1.3397777080535889
15.365846633911133,-0.08415158092975616,2.7823803424835205,2.7823803424835205,1.798040509223938,1.798040509223938
15.405781745910645,-0.07458470016717911,2.8600237369537354,2.8600237369537354,2.0940253734588623,2.0940253734588623
15.445703506469727,-0.06368863582611084,2.942087411880493,2.942087411880493,2.075867176055908,2.075867176055908
15.48568058013916,-0.05614200606942177,3.0155813694000244,3.0155813694000244,1.8168227672576904,1.8168227672576904
15.525677680969238,-0.04639985412359238,3.08209490776062,3.08209490776062,1.687445044517517,1.687445044517517
15.565794944763184,-0.045407798141241074,3.144670009613037,3.144670009613037,1.5656689405441284,1.5656689405441284
15.605880737304688,-0.04627281427383423,3.201835870742798,3.201835870742798,1.4134762287139893,1.4134762287139893
15.646143913269043,-0.05270872637629509,3.253020763397217,3.253020763397217,1.2700997591018677,1.2700997591018677
15.686327934265137,-0.0597209632396698,3.297628402709961,3.297628402709961,1.0998135805130005,1.0998135805130005
15.72652530670166,-0.06906607747077942,3.3414855003356934,3.3414855003356934,1.1691255569458008,1.1691255569458008
15.766694068908691,-0.0738840401172638,3.3888661861419678,3.3888661861419678,1.2545185089111328,1.2545185089111328
15.806873321533203,-0.08567862212657928,3.436525583267212,3.436525583267212,1.1818310022354126,1.1818310022354126
15.847136497497559,-0.09775833040475845,3.4752304553985596,3.4752304553985596,0.8753856420516968,0.8753856420516968
15.887309074401855,-0.11034849286079407,3.497562885284424,3.497562885284424,0.3736441731452942,0.3736441731452942
15.927495002746582,-0.11820317804813385,3.494457721710205,3.494457721710205,-0.39087557792663574,-0.39087557792663574
15.967461585998535,-0.12023058533668518,3.4594950675964355,3.4594950675964355,-1.1948133707046509,-1.1948133707046509
16.007482528686523,-0.11384622752666473,3.3965041637420654,3.3965041637420654,-1.8393425941467285,-1.8393425941467285
16.047447204589844,-0.11108008772134781,3.3149049282073975,3.3149049282073975,-2.2508163452148438,-2.2508163452148438
16.087398529052734,-0.09981934726238251,3.2255730628967285,3.2255730628967285,-2.2519748210906982,-2.2519748210906982
16.127283096313477,-0.08858727663755417,3.15226149559021,3.15226149559021,-1.5975010395050049,-1.5975010395050049
16.167219161987305,-0.08535044640302658,3.126237154006958,3.126237154006958,-0.04776108264923096,-0.04776108264923096
16.207168579101562,-0.08899690210819244,3.160618782043457,3.160618782043457,1.3603711128234863,1.3603711128234863
16.247114181518555,-0.09173461049795151,3.2274169921875,3.2274169921875,1.8095978498458862,1.8095978498458862
16.28700065612793,-0.09500811249017715,3.2911927700042725,3.2911927700042725,1.4841173887252808,1.4841173887252808
16.32694435119629,-0.09648223221302032,3.3336851596832275,3.3336851596832275,0.8343112468719482,0.8343112468719482
16.366893768310547,-0.1003926619887352,3.3477256298065186,3.3477256298065186,0.08357739448547363,0.08357739448547363
16.406845092773438,-0.10455115884542465,3.3301825523376465,3.3301825523376465,-0.797399640083313,-0.797399640083313
16.446727752685547,-0.1149323508143425,3.27774977684021,3.27774977684021,-1.6910573244094849,-1.6910573244094849
16.486677169799805,-0.12098654359579086,3.1694836616516113,3.1694836616516113,-2.400496006011963,-2.400496006011963
16.526628494262695,-0.12674768269062042,3.070918083190918,3.070918083190918,-2.5558669567108154,-2.5558669567108154
16.566566467285156,-0.12065749615430832,2.9735262393951416,2.9735262393951416,-2.4996654987335205,-2.4996654987335205
16.606462478637695,-0.10317225754261017,2.880621910095215,2.880621910095215,-2.3826940059661865,-2.3826940059661865
16.64640235900879,-0.07293161004781723,2.7964274883270264,2.7964274883270264,-2.133075475692749,-2.133075475692749
16.686365127563477,-0.049553148448467255,2.725154161453247,2.725154161453247,-1.8026151657104492,-1.8026151657104492
16.726293563842773,-0.02562880516052246,2.680478096008301,2.680478096008301,-1.1427744626998901,-1.1427744626998901
16.7662353515625,-0.02578560635447502,2.672811269760132,2.672811269760132,-0.1436426341533661,-0.1436426341533661
16.806169509887695,-0.0280615147203207,2.686866283416748,2.686866283416748,0.4496135711669922,0.4496135711669922
16.846073150634766,-0.03555561229586601,2.736264944076538,2.736264944076538,1.3956745862960815,1.3956745862960815
16.886028289794922,-0.041898954659700394,2.8057947158813477,2.8057947158813477,1.8132953643798828,1.8132953643798828
16.92595863342285,-0.04404238238930702,2.8714873790740967,2.8714873790740967,1.6282168626785278,1.6282168626785278
16.965906143188477,-0.035639628767967224,2.9315154552459717,2.9315154552459717,1.518007516860962,1.518007516860962
17.00592041015625,-0.023548632860183716,2.9887866973876953,2.9887866973876953,1.4247088432312012,1.4247088432312012
17.04591941833496,-0.006614267826080322,3.0403313636779785,3.0403313636779785,1.2459323406219482,1.2459323406219482
17.08599853515625,0.011455637402832508,3.081907272338867,3.081907272338867,0.9966003894805908,0.9966003894805908
17.126171112060547,0.04147962108254433,3.1149957180023193,3.1149957180023193,0.743876039981842,0.743876039981842
17.16642951965332,0.06468862295150757,3.124997615814209,3.124997615814209,0.13075463473796844,0.13075463473796844
17.206220626831055,0.07411308586597443,3.1183791160583496,3.1183791160583496,-0.3172037601470947,-0.3172037601470947
17.24680519104004,0.07120522856712341,3.1002140045166016,3.1002140045166016,-0.5553433299064636,-0.5553433299064636
17.287012100219727,0.06454918533563614,3.0745153427124023,3.0745153427124023,-0.7148607969284058,-0.7148607969284058
17.327186584472656,0.05471663549542427,3.0446951389312744,3.0446951389312744,-0.8057189583778381,-0.8057189583778381
17.366783142089844,0.035828810185194016,3.010892152786255,3.010892152786255,-0.8958876132965088,-0.8958876132965088
17.40715217590332,0.015439349226653576,2.977911949157715,2.977911949157715,-0.8160718679428101,-0.8160718679428101
17.447172164916992,0.003668644232675433,2.954285144805908,2.954285144805908,-0.6026221513748169,-0.6026221513748169
17.487709045410156,-0.0045886836014688015,2.9449121952056885,2.9449121952056885,-0.2774697542190552,-0.2774697542190552
17.527746200561523,-0.019313910976052284,2.9452362060546875,2.9452362060546875,0.145908385515213,0.145908385515213
17.56769371032715,-0.031173719093203545,2.9580349922180176,2.9580349922180176,0.22398556768894196,0.22398556768894196
17.607574462890625,-0.04343389719724655,2.972463846206665,2.972463846206665,0.47705787420272827,0.47705787420272827
17.647560119628906,-0.06046479567885399,2.9953365325927734,2.9953365325927734,0.6411640644073486,0.6411640644073486
17.687517166137695,-0.07620997726917267,3.0228278636932373,3.0228278636932373,0.7778842449188232,0.7778842449188232
17.727397918701172,-0.09568653255701065,3.057694435119629,3.057694435119629,0.9390408992767334,0.9390408992767334
17.76734733581543,-0.11918256431818008,3.0939059257507324,3.0939059257507324,0.9254667162895203,0.9254667162895203
17.807302474975586,-0.12495771050453186,3.1309564113616943,3.1309564113616943,1.0280617475509644,1.0280617475509644
17.84723663330078,-0.12578769028186798,3.180177688598633,3.180177688598633,1.4415606260299683,1.4415606260299683
17.887130737304688,-0.11393693834543228,3.247159004211426,3.247159004211426,1.9125385284423828,1.9125385284423828
17.927087783813477,-0.09323179721832275,3.329937696456909,3.329937696456909,2.144198417663574,2.144198417663574
17.9670352935791,-0.06649696826934814,3.3980448246002197,3.3980448246002197,1.4790363311767578,1.4790363311767578
18.006986618041992,-0.06804412603378296,3.432664394378662,3.432664394378662,0.4375704824924469,0.4375704824924469
18.04686164855957,-0.048169225454330444,3.408644199371338,3.408644199371338,-0.760417640209198,-0.760417640209198
18.086824417114258,-0.023663420230150223,3.3444225788116455,3.3444225788116455,-1.7716094255447388,-1.7716094255447388
18.126760482788086,0.0017902227118611336,3.2468514442443848,3.2468514442443848,-2.634080648422241,-2.634080648422241
18.166643142700195,0.0093240300193429,3.139315128326416,3.139315128326416,-2.7769439220428467,-2.7769439220428467
18.20660400390625,0.003256118157878518,3.038482666015625,3.038482666015625,-2.588102340698242,-2.588102340698242
18.246551513671875,-0.014506520703434944,2.937694787979126,2.937694787979126,-2.6065101623535156,-2.6065101623535156
18.286497116088867,-0.03627651929855347,2.853461265563965,2.853461265563965,-2.0980353355407715,-2.0980353355407715
18.326398849487305,-0.0568501316010952,2.804641008377075,2.804641008377075,-1.1357613801956177,-1.1357613801956177
18.366350173950195,-0.07062345743179321,2.803279161453247,2.803279161453247,0.4525109827518463,0.4525109827518463
18.40628433227539,-0.08028900623321533,2.8517849445343018,2.8517849445343018,1.7136850357055664,1.7136850357055664
18.446210861206055,-0.07620155066251755,2.945244073867798,2.945244073867798,2.7625434398651123,2.7625434398651123
18.486217498779297,-0.06581046432256699,3.06559681892395,3.06559681892395,3.249732494354248,3.249732494354248
18.52622413635254,-0.04555447772145271,3.196455717086792,3.196455717086792,3.3511605262756348,3.3511605262756348
18.566347122192383,-0.030281465500593185,3.3084359169006348,3.3084359169006348,2.4810993671417236,2.4810993671417236
18.606525421142578,-0.027144812047481537,3.3702924251556396,3.3702924251556396,1.0515310764312744,1.0515310764312744
18.64679527282715,-0.026213664561510086,3.374943733215332,3.374943733215332,-0.4077548682689667,-0.4077548682689667
18.686983108520508,-0.014944558031857014,3.327479600906372,3.327479600906372,-1.6866151094436646,-1.6866151094436646
18.727155685424805,-0.006053234916180372,3.240009307861328,3.240009307861328,-2.5323097705841064,-2.5323097705841064
18.767284393310547,0.004291685298085213,3.1307833194732666,3.1307833194732666,-2.9411776065826416,-2.9411776065826416
18.80745506286621,0.0035764838103204966,3.0139503479003906,3.0139503479003906,-3.0247461795806885,-3.0247461795806885
18.847728729248047,0.0004568212025333196,2.9048502445220947,2.9048502445220947,-2.6333606243133545,-2.6333606243133545
18.88796615600586,-0.008564785122871399,2.831136465072632,2.831136465072632,-1.065980076789856,-1.065980076789856
18.928024291992188,-0.04162237420678139,2.793410539627075,2.793410539627075,-0.8615167140960693,-0.8615167140960693
18.9680118560791,-0.059362027794122696,2.772519588470459,2.772519588470459,-0.26130759716033936,-0.26130759716033936
19.008045196533203,-0.07796046137809753,2.7870612144470215,2.7870612144470215,0.7523846626281738,0.7523846626281738
19.047927856445312,-0.09069094806909561,2.8375985622406006,2.8375985622406006,1.607330083847046,1.607330083847046
19.087858200073242,-0.08865920454263687,2.912257671356201,2.912257671356201,2.111396312713623,2.111396312713623
19.1278076171875,-0.07772496342658997,3.0057241916656494,3.0057241916656494,2.582047939300537,2.582047939300537
19.167705535888672,-0.06846923381090164,3.107529401779175,3.107529401779175,2.612211227416992,2.612211227416992
19.20764923095703,-0.05863979086279869,3.20755934715271,3.20755934715271,2.5911035537719727,2.5911035537719727
19.247604370117188,-0.055560141801834106,3.3033766746520996,3.3033766746520996,2.3642752170562744,2.3642752170562744
19.287504196166992,-0.054723095148801804,3.3834593296051025,3.3834593296051025,1.8580838441848755,1.8580838441848755
19.327436447143555,-0.0552339032292366,3.438702344894409,3.438702344894409,1.175971508026123,1.175971508026123
19.367387771606445,-0.060488760471343994,3.472536087036133,3.472536087036133,0.742627739906311,0.742627739906311
19.407329559326172,-0.07291290909051895,3.4906516075134277,3.4906516075134277,0.3041573166847229,0.3041573166847229
19.447227478027344,-0.09264948219060898,3.4766805171966553,3.4766805171966553,-0.5096538662910461,-0.5096538662910461
19.487163543701172,-0.10261579602956772,3.4295754432678223,3.4295754432678223,-1.2981234788894653,-1.2981234788894653
19.527103424072266,-0.10926784574985504,3.366375684738159,3.366375684738159,-1.6727386713027954,-1.6727386713027954
19.567066192626953,-0.11963648349046707,3.2952561378479004,3.2952561378479004,-1.851196050643921,-1.851196050643921
19.60700798034668,-0.13248148560523987,3.228761911392212,3.228761911392212,-1.6864341497421265,-1.6864341497421265
19.64689826965332,-0.1328195035457611,3.1641147136688232,3.1641147136688232,-1.677683711051941,-1.677683711051941
19.686830520629883,-0.12881188094615936,3.1064329147338867,3.1064329147338867,-1.4611029624938965,-1.4611029624938965
19.72678565979004,-0.11813364177942276,3.0815744400024414,3.0815744400024414,-0.5046355128288269,-0.5046355128288269
19.766733169555664,-0.11361873894929886,3.1060714721679688,3.1060714721679688,0.802341878414154,0.802341878414154
19.806726455688477,-0.11095821857452393,3.163815498352051,3.163815498352051,1.574516773223877,1.574516773223877
19.846590042114258,-0.11103897541761398,3.2232298851013184,3.2232298851013184,1.5050162076950073,1.5050162076950073
19.886560440063477,-0.1038636714220047,3.2645273208618164,3.2645273208618164,0.797686755657196,0.797686755657196
19.926454544067383,-0.10901716351509094,3.272690773010254,3.272690773010254,-0.15548181533813477,-0.15548181533813477
19.966463088989258,-0.1198868453502655,3.245987892150879,3.245987892150879,-0.9532774090766907,-0.9532774090766907
20.006473541259766,-0.1309942901134491,3.2009382247924805,3.2009382247924805,-1.2080082893371582,-1.2080082893371582
20.04654884338379,-0.13731904327869415,3.1580586433410645,3.1580586433410645,-1.0221928358078003,-1.0221928358078003
20.08649253845215,-0.139553040266037,3.1255486011505127,3.1255486011505127,-0.7260090708732605,-0.7260090708732605
20.126495361328125,-0.1384429931640625,3.1140029430389404,3.1140029430389404,-0.46896740794181824,-0.46896740794181824
20.167118072509766,-0.14024795591831207,3.112196445465088,3.112196445465088,-0.24515366554260254,-0.24515366554260254
20.207286834716797,-0.14615915715694427,3.115464210510254,3.115464210510254,0.32899340987205505,0.32899340987205505
20.24748420715332,-0.15526121854782104,3.1426336765289307,3.1426336765289307,0.8810365200042725,0.8810365200042725
20.287277221679688,-0.15264901518821716,3.1808812618255615,3.1808812618255615,0.9941771030426025,0.9941771030426025
20.32785987854004,-0.14168532192707062,3.217433214187622,3.217433214187622,0.9043244123458862,0.9043244123458862
20.368024826049805,-0.1315957009792328,3.248631715774536,3.248631715774536,0.7412323951721191,0.7412323951721191
20.40822410583496,-0.1115560531616211,3.27689528465271,3.27689528465271,0.7289688587188721,0.7289688587188721
20.44826316833496,-0.09138575941324234,3.3058903217315674,3.3058903217315674,0.7353432178497314,0.7353432178497314
20.488096237182617,-0.07081514596939087,3.3309390544891357,3.3309390544891357,0.5729066729545593,0.5729066729545593
20.52829933166504,-0.04563538730144501,3.348757266998291,3.348757266998291,0.4115033447742462,0.4115033447742462
20.568191528320312,-0.01706410013139248,3.352010726928711,3.352010726928711,-0.1746932566165924,-0.1746932566165924
20.608131408691406,0.028814828023314476,3.3158552646636963,3.3158552646636963,-1.4872733354568481,-1.4872733354568481
20.648096084594727,0.08779795467853546,3.22823429107666,3.22823429107666,-2.7413485050201416,-2.7413485050201416
20.68804359436035,0.12759871780872345,3.1080541610717773,3.1080541610717773,-1.343822717666626,-1.343822717666626
20.727981567382812,0.12811975181102753,3.0891289710998535,3.0891289710998535,-0.5813154578208923,-0.5813154578208923
20.76786994934082,0.081837959587574,3.079608678817749,3.079608678817749,-0.12012183666229248,-0.12012183666229248
20.80782127380371,0.09410325437784195,3.0760297775268555,3.0760297775268555,-0.13850533962249756,-0.13850533962249756
20.8477725982666,0.1123427227139473,3.0620415210723877,3.0620415210723877,-0.40687295794487,-0.40687295794487
20.887706756591797,0.045948758721351624,3.0510644912719727,3.0510644912719727,-0.49407845735549927,-0.49407845735549927
20.927656173706055,-0.008285364136099815,3.0343940258026123,3.0343940258026123,-1.0732531547546387,-1.0732531547546387
20.967546463012695,0.007597255054861307,2.9964187145233154,2.9964187145233154,-0.8689613342285156,-0.8689613342285156
21.007492065429688,-0.0030984331388026476,2.9781157970428467,2.9781157970428467,-0.33336251974105835,-0.33336251974105835
21.047439575195312,-0.02978365868330002,2.9789276123046875,2.9789276123046875,0.0727681964635849,0.0727681964635849
21.087350845336914,-0.061767444014549255,2.9917447566986084,2.9917447566986084,0.3657340705394745,0.3657340705394745
21.127288818359375,-0.07553090155124664,3.004014253616333,3.004014253616333,0.24538201093673706,0.24538201093673706
21.167224884033203,-0.09918215125799179,3.0089993476867676,3.0089993476867676,0.1213574931025505,0.1213574931025505
21.20712661743164,-0.11244899779558182,3.021855592727661,3.021855592727661,0.38471654057502747,0.38471654057502747
21.247072219848633,-0.1361972838640213,3.0519063472747803,3.0519063472747803,0.824584424495697,0.824584424495697
21.287015914916992,-0.15262474119663239,3.0962414741516113,3.0962414741516113,1.1805475950241089,1.1805475950241089
21.327016830444336,-0.163156658411026,3.146265983581543,3.146265983581543,1.3088831901550293,1.3088831901550293
21.366914749145508,-0.16400812566280365,3.1939496994018555,3.1939496994018555,1.2091776132583618,1.2091776132583618
21.40685272216797,-0.15809296071529388,3.238856554031372,3.238856554031372,1.1657123565673828,1.1657123565673828
21.446733474731445,-0.14911915361881256,3.2849721908569336,3.2849721908569336,1.160667061805725,1.160667061805725
21.486743927001953,-0.14475342631340027,3.326327323913574,3.326327323913574,1.0027134418487549,1.0027134418487549
21.526748657226562,-0.14458411931991577,3.358649969100952,3.358649969100952,0.7162065505981445,0.7162065505981445
21.566829681396484,-0.1413825899362564,3.3792669773101807,3.3792669773101807,0.42930006980895996,0.42930006980895996
21.606761932373047,-0.1465815007686615,3.3896305561065674,3.3896305561065674,0.3141438364982605,0.3141438364982605
21.647180557250977,-0.14229752123355865,3.3906984329223633,3.3906984329223633,-0.06973716616630554,-0.06973716616630554
21.687374114990234,-0.1425347775220871,3.368227481842041,3.368227481842041,-0.8729111552238464,-0.8729111552238464
21.72755241394043,-0.14338745176792145,3.3254971504211426,3.3254971504211426,-1.142827033996582,-1.142827033996582
21.767738342285156,-0.14010947942733765,3.282133102416992,3.282133102416992,-1.1655908823013306,-1.1655908823013306
21.80792808532715,-0.14554572105407715,3.2329955101013184,3.2329955101013184,-1.2288254499435425,-1.2288254499435425
21.84819793701172,-0.15666185319423676,3.194230318069458,3.194230318069458,-0.877565860748291,-0.877565860748291
21.88837432861328,-0.1707841008901596,3.1729178428649902,3.1729178428649902,-0.2656596302986145,-0.2656596302986145
21.928531646728516,-0.19102169573307037,3.1886563301086426,3.1886563301086426,0.8012720942497253,0.8012720942497253
21.968521118164062,-0.2266935408115387,3.238645553588867,3.238645553588867,1.494307041168213,1.494307041168213
22.008554458618164,-0.25280842185020447,3.300471544265747,3.300471544265747,1.5961002111434937,1.5961002111434937
22.048503875732422,-0.2713216543197632,3.360589027404785,3.360589027404785,1.510393500328064,1.510393500328064
22.08844566345215,-0.2766159176826477,3.4166922569274902,3.4166922569274902,1.4157735109329224,1.4157735109329224
22.12841033935547,-0.2774008512496948,3.4699552059173584,3.4699552059173584,1.3354977369308472,1.3354977369308472
22.168298721313477,-0.27140673995018005,3.5176658630371094,3.5176658630371094,1.1806002855300903,1.1806002855300903
22.208248138427734,-0.26234662532806396,3.560127019882202,3.560127019882202,1.0231881141662598,1.0231881141662598
22.248212814331055,-0.25864797830581665,3.5952963829040527,3.5952963829040527,0.8663598299026489,0.8663598299026489
22.288131713867188,-0.2512094974517822,3.6268460750579834,3.6268460750579834,0.8143233060836792,0.8143233060836792
22.328022003173828,-0.2430296242237091,3.659597873687744,3.659597873687744,0.8250229358673096,0.8250229358673096
22.367984771728516,-0.225384920835495,3.676858901977539,3.676858901977539,0.24571239948272705,0.24571239948272705
22.407901763916016,-0.21018312871456146,3.6840596199035645,3.6840596199035645,0.1863022744655609,0.1863022744655609
22.447860717773438,-0.19955477118492126,3.6918084621429443,3.6918084621429443,0.2050728052854538,0.2050728052854538
22.487760543823242,-0.1824406385421753,3.6998212337493896,3.6998212337493896,0.18840089440345764,0.18840089440345764
22.527706146240234,-0.17184977233409882,3.7004053592681885,3.7004053592681885,-0.019834056496620178,-0.019834056496620178
22.567642211914062,-0.1573534458875656,3.683734655380249,3.683734655380249,-0.4929753243923187,-0.4929753243923187
22.60759925842285,-0.14139214158058167,3.6479480266571045,3.6479480266571045,-1.0029194355010986,-1.0029194355010986
22.647537231445312,-0.10547736287117004,3.6027956008911133,3.6027956008911133,-1.1905348300933838,-1.1905348300933838
22.687427520751953,-0.0735245868563652,3.5465049743652344,3.5465049743652344,-1.4920878410339355,-1.4920878410339355
22.727386474609375,-0.06035717949271202,3.475377321243286,3.475377321243286,-1.8621338605880737,-1.8621338605880737
22.767318725585938,-0.061301931738853455,3.399421453475952,3.399421453475952,-1.9748097658157349,-1.9748097658157349
22.807266235351562,-0.07214541733264923,3.327540874481201,3.327540874481201,-1.8416413068771362,-1.8416413068771362
22.847257614135742,-0.08793198317289352,3.2596235275268555,3.2596235275268555,-1.7348650693893433,-1.7348650693893433
22.887115478515625,-0.10432111471891403,3.1909914016723633,3.1909914016723633,-1.7695906162261963,-1.7695906162261963
22.927087783813477,-0.11361336708068848,3.1279501914978027,3.1279501914978027,-1.5294764041900635,-1.5294764041900635
22.966999053955078,-0.13871297240257263,3.072455406188965,3.072455406188965,-1.3908195495605469,-1.3908195495605469
23.00700569152832,-0.1474001258611679,3.021700859069824,3.021700859069824,-1.202917218208313,-1.202917218208313
23.047014236450195,-0.15924854576587677,2.9840049743652344,2.9840049743652344,-0.8658307194709778,-0.8658307194709778
23.087160110473633,-0.165925070643425,2.956676483154297,2.956676483154297,-0.5640107989311218,-0.5640107989311218
23.127344131469727,-0.1764117330312729,2.9459269046783447,2.9459269046783447,-0.15667271614074707,-0.15667271614074707
23.167125701904297,-0.18398913741111755,2.9460673332214355,2.9460673332214355,0.09172716736793518,0.09172716736793518
23.2076416015625,-0.18747660517692566,2.9538419246673584,2.9538419246673584,0.2605860233306885,0.2605860233306885
23.247900009155273,-0.18943898379802704,2.9699082374572754,2.9699082374572754,0.5065211057662964,0.5065211057662964
23.2880802154541,-0.2012181133031845,2.9976556301116943,2.9976556301116943,0.8098313808441162,0.8098313808441162
23.328344345092773,-0.20113246142864227,3.0242080688476562,3.0242080688476562,0.5016388297080994,0.5016388297080994
23.368038177490234,-0.18685191869735718,3.0371010303497314,3.0371010303497314,0.26297318935394287,0.26297318935394287
23.408632278442383,-0.16673973202705383,3.047478199005127,3.047478199005127,0.2804933786392212,0.2804933786392212
23.44879722595215,-0.1370924413204193,3.0565576553344727,3.0565576553344727,0.3484662175178528,0.3484662175178528
23.488807678222656,-0.12126223742961884,3.073099374771118,3.073099374771118,0.3687790632247925,0.3687790632247925
23.528837203979492,-0.10013033449649811,3.0895211696624756,3.0895211696624756,0.4499393403530121,0.4499393403530121
23.56878662109375,-0.08125245571136475,3.1090333461761475,3.1090333461761475,0.6096101403236389,0.6096101403236389
23.608734130859375,-0.05241021513938904,3.141692876815796,3.141692876815796,1.1571780443191528,1.1571780443191528
23.64867401123047,-0.011715039610862732,3.2054266929626465,3.2054266929626465,1.7105046510696411,1.7105046510696411
23.688556671142578,0.06137165054678917,3.2789666652679443,3.2789666652679443,1.8313016891479492,1.8313016891479492
23.728506088256836,0.08723403513431549,3.3191516399383545,3.3191516399383545,0.26260921359062195,0.26260921359062195
23.768449783325195,0.09374329447746277,3.3158152103424072,3.3158152103424072,0.03705873712897301,0.03705873712897301
23.808399200439453,0.09067334979772568,3.3286592960357666,3.3286592960357666,0.4160235524177551,0.4160235524177551
23.84829330444336,0.08624660968780518,3.3438804149627686,3.3438804149627686,0.32903555035591125,0.32903555035591125
23.888229370117188,0.07070249319076538,3.342616081237793,3.342616081237793,-0.21061807870864868,-0.21061807870864868
23.928184509277344,0.047427013516426086,3.330397605895996,3.330397605895996,-0.3678450882434845,-0.3678450882434845
23.968111038208008,0.028172286227345467,3.320005178451538,3.320005178451538,-0.18477052450180054,-0.18477052450180054
24.008005142211914,-0.0035256666596978903,3.3028252124786377,3.3028252124786377,-0.3621319532394409,-0.3621319532394409
24.047969818115234,-0.044693294912576675,3.288156747817993,3.288156747817993,-0.3337920606136322,-0.3337920606136322
24.087942123413086,-0.0817476212978363,3.28110408782959,3.28110408782959,-0.1478969156742096,-0.1478969156742096
24.127811431884766,-0.13163654506206512,3.2846362590789795,3.2846362590789795,0.1726909577846527,0.1726909577846527
24.167749404907227,-0.20891915261745453,3.2796666622161865,3.2796666622161865,-0.2178475260734558,-0.2178475260734558
24.207698822021484,-0.296592652797699,3.2471957206726074,3.2471957206726074,-0.9287378191947937,-0.9287378191947937
24.24764060974121,-0.3616655468940735,3.2319023609161377,3.2319023609161377,-0.22577020525932312,-0.22577020525932312
24.2875919342041,-0.39661285281181335,3.2546868324279785,3.2546868324279785,0.6692320108413696,0.6692320108413696
24.3275203704834,-0.4282161593437195,3.274855613708496,3.274855613708496,0.4912620186805725,0.4912620186805725
24.367427825927734,-0.4488806128501892,3.2851290702819824,3.2851290702819824,0.24977174401283264,0.24977174401283264
24.407398223876953,-0.4579342305660248,3.286821126937866,3.286821126937866,-0.09103864431381226,-0.09103864431381226
24.447317123413086,-0.45576778054237366,3.2756168842315674,3.2756168842315674,-0.3852805495262146,-0.3852805495262146
24.487262725830078,-0.44714275002479553,3.2476890087127686,3.2476890087127686,-0.8920971155166626,-0.8920971155166626
24.527273178100586,-0.41101571917533875,3.2232446670532227,3.2232446670532227,-0.3592083156108856,-0.3592083156108856
24.567279815673828,-0.37401309609413147,3.2265985012054443,3.2265985012054443,0.14698481559753418,0.14698481559753418
24.60748863220215,-0.36030280590057373,3.216397762298584,3.216397762298584,-0.586832582950592,-0.586832582950592
24.64767837524414,-0.3580324947834015,3.1925175189971924,3.1925175189971924,-0.4672278165817261,-0.4672278165817261
24.687862396240234,-0.3548983931541443,3.1838161945343018,3.1838161945343018,-0.12549273669719696,-0.12549273669719696
24.728050231933594,-0.33550122380256653,3.1800589561462402,3.1800589561462402,-0.045405954122543335,-0.045405954122543335
24.76823616027832,-0.27483874559402466,3.185584306716919,3.185584306716919,0.2515508234500885,0.2515508234500885
24.80841636657715,-0.17350228130817413,3.2137129306793213,3.2137129306793213,0.9535000920295715,0.9535000920295715
24.84867286682129,-0.09762515127658844,3.2656309604644775,3.2656309604644775,1.4808558225631714,1.4808558225631714
24.88886833190918,-0.06797537207603455,3.293438673019409,3.293438673019409,0.6442477107048035,0.6442477107048035
24.928937911987305,-0.07102203369140625,3.3184635639190674,3.3184635639190674,0.6224038600921631,0.6224038600921631
24.96906280517578,-0.06288912147283554,3.33968448638916,3.33968448638916,0.5667313933372498,0.5667313933372498
25.009077072143555,-0.06613460928201675,3.3675637245178223,3.3675637245178223,0.8072016835212708,0.8072016835212708
25.049104690551758,-0.06635106354951859,3.3967692852020264,3.3967692852020264,0.5183566212654114,0.5183566212654114
25.089012145996094,-0.071365587413311,3.392061471939087,3.392061471939087,-0.5125054121017456,-0.5125054121017456
25.12895393371582,-0.08235429227352142,3.3815691471099854,3.3815691471099854,0.047693997621536255,0.047693997621536255
25.16888999938965,-0.06991833448410034,3.416001558303833,3.416001558303833,1.4092284440994263,1.4092284440994263
25.208839416503906,-0.06203027442097664,3.4643020629882812,3.4643020629882812,0.912307858467102,0.912307858467102
25.2487850189209,-0.07790106534957886,3.4797775745391846,3.4797775745391846,0.21725116670131683,0.21725116670131683
25.28867530822754,-0.09716030955314636,3.4850330352783203,3.4850330352783203,0.00713237002491951,0.00713237002491951
25.328630447387695,-0.11885049939155579,3.481067180633545,3.481067180633545,-0.023279361426830292,-0.023279361426830292
25.368560791015625,-0.12683911621570587,3.485647678375244,3.485647678375244,0.09711908549070358,0.09711908549070358
25.4084529876709,-0.11306902766227722,3.48496675491333,3.48496675491333,-0.07301541417837143,-0.07301541417837143
25.448394775390625,-0.08774466812610626,3.4793241024017334,3.4793241024017334,-0.12967455387115479,-0.12967455387115479
25.488346099853516,-0.05568106099963188,3.4722938537597656,3.4722938537597656,-0.27643272280693054,-0.27643272280693054
25.528240203857422,-0.02267399989068508,3.4362876415252686,3.4362876415252686,-0.925611138343811,-0.925611138343811
25.568178176879883,-0.005441066808998585,3.3716492652893066,3.3716492652893066,-1.7987968921661377,-1.7987968921661377
25.608142852783203,0.011171946302056313,3.31693959236145,3.31693959236145,-1.3030472993850708,-1.3030472993850708
25.648088455200195,0.011490493081510067,3.2728021144866943,3.2728021144866943,-1.1521722078323364,-1.1521722078323364
25.6879825592041,0.021507427096366882,3.2343246936798096,3.2343246936798096,-0.9307510256767273,-0.9307510256767273
25.727914810180664,0.018596498295664787,3.187859535217285,3.187859535217285,-1.256142020225525,-1.256142020225525
25.76786994934082,0.01771540753543377,3.1449596881866455,3.1449596881866455,-1.0382299423217773,-1.0382299423217773
25.807815551757812,0.011924072168767452,3.1155478954315186,3.1155478954315186,-0.7250151634216309,-0.7250151634216309
25.847719192504883,0.0026624235324561596,3.1036012172698975,3.1036012172698975,-0.24489635229110718,-0.24489635229110718
25.887664794921875,-0.01651405729353428,3.0950193405151367,3.0950193405151367,-0.1705118715763092,-0.1705118715763092
25.927608489990234,-0.0424673929810524,3.0813536643981934,3.0813536643981934,-0.4424494504928589,-0.4424494504928589
25.967538833618164,-0.05649970471858978,3.0672988891601562,3.0672988891601562,-0.24833497405052185,-0.24833497405052185
26.00754165649414,-0.06834184378385544,3.063112497329712,3.063112497329712,-0.018289554864168167,-0.018289554864168167
26.04755401611328,-0.08191266655921936,3.074176549911499,3.074176549911499,0.4690897464752197,0.4690897464752197
26.08768081665039,-0.11590324342250824,3.093101739883423,3.093101739883423,0.3899695575237274,0.3899695575237274
26.127870559692383,-0.15425105392932892,3.103888511657715,3.103888511657715,0.26376858353614807,0.26376858353614807
26.16804313659668,-0.19276654720306396,3.1121160984039307,3.1121160984039307,0.206168532371521,0.206168532371521
26.20824432373047,-0.20681466162204742,3.1244235038757324,3.1244235038757324,0.41933268308639526,0.41933268308639526
26.248003005981445,-0.1728217750787735,3.1645214557647705,3.1645214557647705,1.5530815124511719,1.5530815124511719
26.288698196411133,-0.10869859904050827,3.2522356510162354,3.2522356510162354,2.4468071460723877,2.4468071460723877
26.32879066467285,-0.03721423074603081,3.332134246826172,3.332134246826172,1.868344783782959,1.868344783782959
26.36891746520996,0.012284234166145325,3.4108190536499023,3.4108190536499023,2.1222851276397705,2.1222851276397705
26.409095764160156,0.02990878000855446,3.4939324855804443,3.4939324855804443,1.9958312511444092,1.9958312511444092
26.44888687133789,0.0050089419819414616,3.541391372680664,3.541391372680664,0.6224418878555298,0.6224418878555298
26.48932647705078,-0.04944711551070213,3.5270605087280273,3.5270605087280273,-0.7296989560127258,-0.7296989560127258
26.52935218811035,-0.1045459732413292,3.493274688720703,3.493274688720703,-1.002342939376831,-1.002342939376831
26.569305419921875,-0.16272330284118652,3.4511730670928955,3.4511730670928955,-1.0403668880462646,-1.0403668880462646
26.609272003173828,-0.19994385540485382,3.411247730255127,3.411247730255127,-1.014163851737976,-1.014163851737976
26.649152755737305,-0.21677760779857635,3.36108660697937,3.36108660697937,-1.384491205215454,-1.384491205215454
26.689111709594727,-0.20549066364765167,3.3081729412078857,3.3081729412078857,-1.4915893077850342,-1.4915893077850342
26.72903823852539,-0.1665305644273758,3.224362373352051,3.224362373352051,-2.470202684402466,-2.470202684402466
26.76898765563965,-0.0902269184589386,3.162621259689331,3.162621259689331,-0.5856172442436218,-0.5856172442436218
26.808874130249023,0.0006744564161635935,3.213264226913452,3.213264226913452,1.9955013990402222,1.9955013990402222
26.84882164001465,0.05096276104450226,3.2866833209991455,3.2866833209991455,1.5150567293167114,1.5150567293167114
26.888765335083008,0.05998590216040611,3.3079092502593994,3.3079092502593994,-0.045956023037433624,-0.045956023037433624
26.9287166595459,0.01786019653081894,3.274796962738037,3.274796962738037,-1.1200529336929321,-1.1200529336929321
26.968603134155273,-0.05435242876410484,3.2325427532196045,3.2325427532196045,-1.0095661878585815,-1.0095661878585815
27.0085506439209,-0.15915033221244812,3.1829769611358643,3.1829769611358643,-1.0480437278747559,-1.0480437278747559
27.048498153686523,-0.22114340960979462,3.121572256088257,3.121572256088257,-1.6314365863800049,-1.6314365863800049
27.08844566345215,-0.25489506125450134,3.0980892181396484,3.0980892181396484,-0.43554073572158813,-0.43554073572158813
27.128341674804688,-0.23035620152950287,3.0982866287231445,3.0982866287231445,0.04083036631345749,0.04083036631345749
27.168291091918945,-0.16288034617900848,3.116424322128296,3.116424322128296,0.5266635417938232,0.5266635417938232
27.208223342895508,-0.04430717974901199,3.1749842166900635,3.1749842166900635,1.6860272884368896,1.6860272884368896
27.248172760009766,0.03413386642932892,3.2716386318206787,3.2716386318206787,2.617594003677368,2.617594003677368
27.288066864013672,0.02832048013806343,3.2975003719329834,3.2975003719329834,0.28350794315338135,0.28350794315338135
27.328073501586914,-0.006475639063864946,3.2166943550109863,3.2166943550109863,-2.38808536529541,-2.38808536529541
27.36796760559082,-0.05037844181060791,3.132535934448242,3.132535934448242,-2.0634021759033203,-2.0634021759033203
27.407896041870117,-0.07388575375080109,3.119513511657715,3.119513511657715,0.390390008687973,0.390390008687973
27.44782829284668,-0.03722461685538292,3.17441987991333,3.17441987991333,1.936064600944519,1.936064600944519
27.4877986907959,0.01625780574977398,3.255436420440674,3.255436420440674,1.9476642608642578,1.9476642608642578
27.52780532836914,0.04405427351593971,3.2944564819335938,3.2944564819335938,0.3992222249507904,0.3992222249507904
27.567886352539062,0.014099622145295143,3.2669742107391357,3.2669742107391357,-1.5595773458480835,-1.5595773458480835
27.60808753967285,-0.04556757211685181,3.1660168170928955,3.1660168170928955,-2.543304443359375,-2.543304443359375
27.64825439453125,-0.09259641170501709,3.117471694946289,3.117471694946289,-0.5395172238349915,-0.5395172238349915
27.688425064086914,-0.09243495762348175,3.1228513717651367,3.1228513717651367,0.36747652292251587,0.36747652292251587
27.728607177734375,-0.07436197996139526,3.138871669769287,3.138871669769287,0.41414594650268555,0.41414594650268555
27.76879119873047,-0.05432552099227905,3.1482810974121094,3.1482810974121094,0.14320498704910278,0.14320498704910278
27.8090763092041,-0.03461599722504616,3.1495471000671387,3.1495471000671387,-0.01810171641409397,-0.01810171641409397
27.849239349365234,-0.011169974692165852,3.148634910583496,3.148634910583496,0.049649301916360855,0.049649301916360855
27.889368057250977,0.04583404213190079,3.1863343715667725,3.1863343715667725,1.8318653106689453,1.8318653106689453
27.92952537536621,0.11071213334798813,3.2906999588012695,3.2906999588012695,2.4775071144104004,2.4775071144104004
27.96958351135254,0.1368330717086792,3.2918171882629395,3.2918171882629395,-1.4448031187057495,-1.4448031187057495
28.00962257385254,0.13869720697402954,3.1992175579071045,3.1992175579071045,-2.6403982639312744,-2.6403982639312744
28.049571990966797,0.13792259991168976,3.1069304943084717,3.1069304943084717,-2.213200807571411,-2.213200807571411
28.089466094970703,0.139546200633049,3.015343189239502,3.015343189239502,-2.517333984375,-2.517333984375
28.129392623901367,0.15565486252307892,2.9063265323638916,2.9063265323638916,-2.8199143409729004,-2.8199143409729004
28.169355392456055,0.1782265156507492,2.8342347145080566,2.8342347145080566,-1.3569321632385254,-1.3569321632385254
28.20928192138672,0.18108895421028137,2.7701101303100586,2.7701101303100586,-2.087367534637451,-2.087367534637451
28.24919319152832,0.19201348721981049,2.6817572116851807,2.6817572116851807,-2.060760021209717,-2.060760021209717
28.289152145385742,0.20471203327178955,2.6384646892547607,2.6384646892547607,-0.6518883109092712,-0.6518883109092712
28.329086303710938,0.21581867337226868,2.610405921936035,2.610405921936035,-0.9026505947113037,-0.9026505947113037
28.368976593017578,0.2284475415945053,2.590022325515747,2.590022325515747,0.100893035531044,0.100893035531044
28.4089298248291,0.24391025304794312,2.647779941558838,2.647779941558838,2.236966133117676,2.236966133117676
28.448869705200195,0.25934940576553345,2.766597032546997,2.766597032546997,3.386706829071045,3.386706829071045
28.488819122314453,0.240242138504982,2.8932108879089355,2.8932108879089355,2.1884520053863525,2.1884520053863525
28.528705596923828,0.199316143989563,2.9659829139709473,2.9659829139709473,1.8870950937271118,1.8870950937271118
28.56866455078125,0.14419691264629364,3.0544769763946533,3.0544769763946533,2.3480958938598633,2.3480958938598633
28.608600616455078,0.08032490313053131,3.17684268951416,3.17684268951416,3.3169291019439697,3.3169291019439697
28.6485595703125,0.020387813448905945,3.2614707946777344,3.2614707946777344,1.8985915184020996,1.8985915184020996
28.688438415527344,-0.026822013780474663,3.323620557785034,3.323620557785034,1.6597344875335693,1.6597344875335693
28.728384017944336,-0.07670441269874573,3.4257280826568604,3.4257280826568604,2.847423791885376,2.847423791885376
28.76834487915039,-0.12434285879135132,3.492588520050049,3.492588520050049,1.4298772811889648,1.4298772811889648
28.80831527709961,-0.17783896625041962,3.538363218307495,3.538363218307495,1.227736234664917,1.227736234664917
28.848175048828125,-0.20939278602600098,3.5977542400360107,3.5977542400360107,1.835371494293213,1.835371494293213
28.888145446777344,-0.23417899012565613,3.667149305343628,3.667149305343628,1.4415048360824585,1.4415048360824585
28.928050994873047,-0.2573328912258148,3.6969921588897705,3.6969921588897705,0.5843213200569153,0.5843213200569153
28.96805763244629,-0.2699691951274872,3.733941078186035,3.733941078186035,1.2018733024597168,1.2018733024597168
