case_name,speed_mps,completed,end_time_s,peak_theta_deg,final_theta_deg,peak_r_m,final_r_m,final_psi_deg,final_epsilon_m,final_speed_mps,gain_inf_norm
theta0=0 deg,0.1,1,30,0,0,0,0,0,0,0.099999999999993,1659.23278405863
theta0=1 deg,0.1,0,2.7639382577099,80,80,1.23069165551271,1.23069165551271,-9.33829176763488,-0.260328434520004,0.106010674725004,1659.23278405863
theta0=0 deg,0.2,1,30,0,0,0,0,0,0,0.199999999999986,1530.18947004206
theta0=1 deg,0.2,0,2.6834393015475,80.0000000000022,80.0000000000022,1.2228350427103,1.2228350427103,-18.3678867615004,-0.303234057009542,0.211924584321739,1530.18947004206
theta0=0 deg,0.3,1,30,0,0,0,0,0,0,0.300000000000045,1396.6112351245
theta0=1 deg,0.3,0,2.49827340019337,80,80,1.20269494017087,1.20269494017087,-26.3900187990474,-0.357894230272942,0.317465797307781,1396.6112351245
theta0=0 deg,0.4,1,30,0,0,0,0,0,0,0.399999999999972,1245.37599056425
theta0=1 deg,0.4,0,2.33162446423278,80,80,1.17380482898077,1.17380482898077,-34.0599751912292,-0.418586354048269,0.423239241951064,1245.37599056425
theta0=0 deg,0.5,1,30,0,0,0,0,0,0,0.500000000000146,1087.89960042927
theta0=1 deg,0.5,0,2.20061037853775,80,80,1.13666580372712,1.13666580372712,-41.9758695637139,-0.484906527299679,0.529999445082476,1087.89960042927
theta0=0 deg,0.75,1,30,0,0,0,0,0,0,0.750000000000037,726.947293106361
theta0=1 deg,0.75,0,2.02935889666633,80.0000000000002,80.0000000000002,1.00932063225748,1.00932063225748,-67.4850729993772,-0.695601049793052,0.807999536544084,726.947293106361
theta0=0 deg,1,1,30,0,0,0,0,0,0,1.00000000000029,456.204099106164
theta0=1 deg,1,0,8.9383591704419,80,-80,0.837071590676432,-0.822837412388021,99.4600903028858,-2.60867622520594,0.984480637482169,456.204099106164
theta0=0 deg,1.25,1,30,0,0,0,0,0,0,1.24999999999975,271.182732199267
theta0=1 deg,1.25,0,20.7107188795258,80,80,0.639573368175168,0.639573368175168,-240.01431876848,-2.48635461534493,1.05828473545662,271.182732199267
theta0=0 deg,1.5,1,30,0,0,0,0,0,0,1.50000000000007,149.22699529756
theta0=1 deg,1.5,1,30,10.3927790758883,0.966490038386484,0.0397423821031939,0.0144960161283559,-1.19728699467175e-05,-4.98820833406965,1.49999995575917,149.22699529756
theta0=0 deg,1.75,1,30,0,0,0,0,0,0,1.74999999999964,78.1769746704251
theta0=1 deg,1.75,1,30,8.87104800103849,0.978111858046596,0.0227182225761766,0.0146703924469204,-3.09825445250049e-05,-6.08942904093781,1.75000001866667,78.1769746704251
theta0=0 deg,2,1,30,0,0,0,0,0,0,2.00000000000058,58.1612974684547
theta0=1 deg,2,1,30,7.74198343897524,0.981335947170969,0.0435713178668685,0.0147187442105724,-2.12865179347431e-05,-6.37003889828298,2.00000001529485,58.1612974684547
theta0=0 deg,2.125,1,30,0,0,0,0,0,0,2.12500000000037,46.9259219836978
theta0=1 deg,2.125,1,30,7.02695155600679,0.983704479730088,0.0572756259789005,0.0147542677732501,-1.66991716668549e-05,-6.08246555216049,2.12500000288712,46.9259219836978
theta0=0 deg,2.25,1,30,0,0,0,0,0,0,2.25000000000015,34.8950719488963
theta0=1 deg,2.25,1,30,5.98945317717494,0.989199945225904,0.0622303034813506,0.0148366899817729,-9.3726375006455e-06,-5.44016294855918,2.25000001470375,34.8950719488963
theta0=0 deg,2.375,1,30,0,0,0,0,0,0,2.37499999999986,27.6829584123462
theta0=1 deg,2.375,1,30,4.66403732250091,0.995594714424566,0.0529773222738138,0.0149326023112403,-2.49284251758887e-06,-4.35522554361718,2.37500001252916,27.6829584123462
theta0=0 deg,2.5,1,30,0,0,0,0,0,0,2.49999999999951,29.3485439452737
theta0=1 deg,2.5,1,30,3.38955873422561,0.998473030179998,0.0404464392964761,0.0149757752492999,-1.68571637465038e-07,-2.73467019440348,2.50000000293354,29.3485439452737
theta0=0 deg,2.625,1,30,0,0,0,0,0,0,2.62499999999988,38.603130227474
theta0=1 deg,2.625,1,30,2.52303217764059,0.998918928404609,0.040387422123499,0.0149824644357532,-1.29008829902231e-07,-0.519341346373451,2.62499999985293,38.603130227474
theta0=0 deg,2.75,1,30,0,0,0,0,0,0,2.75000000000089,53.3100906940291
theta0=1 deg,2.75,1,30,2.40888707522547,0.996498829441711,0.0777373543308401,0.0149461657150929,-1.77537147620344e-06,2.35037891849351,2.75000000862717,53.3100906940291
theta0=0 deg,2.875,1,30,0,0,0,0,0,0,2.87499999999943,68.8104769083174
theta0=1 deg,2.875,0,3.80329097544724,80,80,5.24378143955729,-5.24378143955729,54.9271247868432,5.54096394555093,3.20025563209682,68.8104769083174
theta0=0 deg,3,1,30,0,0,0,0,0,0,3.00000000000014,85.0931873608307
theta0=1 deg,3,0,2.16989888436903,80,-80,1.56963066673685,1.56963066673685,110.307493611987,2.19642667408774,3.85054689832439,85.0931873608307
